date,total_confirmed,daily_confirmed,七天移動平均新增確診數,total_death,daily_death,七天移動平均新增死亡數,每百萬人確診數,每百萬人死亡數,傳染率,新增檢驗件數,總檢驗件數,每千人檢驗件數,七天移動平均新增檢驗件數,陽性率,每確認案例相對檢驗數量,疫苗總接種劑數,疫苗總接種人數,疫苗新增接種劑數,七天移動平均疫苗新增接種劑數,每百人接種疫苗劑數,每百人接種疫苗人數,疫情控管指數,總人口數,中位數年紀,70歲以上人口比率,平均壽命
2021/6/14,13106,185,230.714,452,15,23.714,550.284,18.978,0,13715,903676,37.943,25852,0.009,112.1,855125,855125,0,18615,3.59,3.59,0,23816775,42.2,8.353,80.46
2021/6/13,12921,175,231.857,437,26,25.286,542.517,18.348,0,15444,889961,37.367,28643,0.008,123.5,0,0,0,19610,0,0,0,23816775,42.2,8.353,80.46
2021/6/12,12746,246,255.714,411,26,26.714,535.169,17.257,1.1,20585,874517,36.719,28315,0.009,110.7,0,0,0,18427,0,0,0,23816775,42.2,8.353,80.46
2021/6/11,12500,278,293.429,385,24,28.286,524.84,16.165,1.11,34714,853932,35.854,28000,0.01,95.4,799129,799129,16829,17244,3.36,3.36,0,23816775,42.2,8.353,80.46
2021/6/10,12222,254,321.143,361,28,27.857,513.168,15.157,1.11,33464,819218,34.397,27528,0.012,85.7,782300,782300,22554,22595,3.28,3.28,0,23816775,42.2,8.353,80.46
2021/6/9,11968,274,368.429,333,25,26.286,502.503,13.982,1.12,31914,785754,32.992,26764,0.014,72.6,759746,759746,16168,28245,3.19,3.19,0,23816775,42.2,8.353,80.46
2021/6/8,11694,203,407.429,308,22,24.429,490.998,12.932,1.14,31129,753840,31.652,26431,0.015,64.9,743578,743578,18759,30264,3.12,3.12,0,23816775,42.2,8.353,80.46
2021/6/7,11491,193,425.714,286,26,23.143,482.475,12.008,1.16,33248,722711,30.345,26398,0.016,62,724819,724819,25632,31912,3.04,3.04,0,23816775,42.2,8.353,80.46
2021/6/6,11298,342,448.286,260,36,21.571,474.372,10.917,1.19,13153,689463,28.949,25578,0.018,57.1,699187,699187,0,32578,2.94,2.94,0,23816775,42.2,8.353,80.46
2021/6/5,10956,510,450,224,37,17.857,460.012,9.405,1.22,18377,676310,28.396,25632,0.018,57,0,0,0,35422,0,0,0,23816775,42.2,8.353,80.46
2021/6/4,10446,472,447.286,187,21,15.571,438.598,7.852,1.25,31410,657933,27.625,25313,0.018,56.6,678418,678418,54286,38267,2.85,2.85,0,23816775,42.2,8.353,80.46
2021/6/3,9974,585,459,166,17,15.286,418.78,6.97,1.28,28120,626523,26.306,24963,0.018,54.4,624132,624132,62103,34839,2.62,2.62,0,23816775,42.2,8.353,80.46
2021/6/2,9389,547,471.143,149,12,14.714,394.218,6.256,1.31,29578,598403,25.125,23776,0.02,50.5,562029,562029,0,30296,2.36,2.36,0,23816775,42.2,8.353,80.46
2021/6/1,8842,331,483.714,137,13,14.571,371.251,5.752,1.35,30897,568825,23.883,22563,0.021,46.6,0,0,0,30296,0,0,0,23816775,42.2,8.353,80.46
2021/5/31,8511,351,513.429,124,15,13.571,357.353,5.206,1.39,27510,537928,22.586,21632,0.024,42.1,0,0,0,27109,0,0,68.52,23816775,42.2,8.353,80.46
2021/5/30,8160,354,548.286,109,10,12.286,342.616,4.577,1.43,13534,510418,21.431,20978,0.026,38.3,0,0,0,24064,0,0,68.52,23816775,42.2,8.353,80.46
2021/5/29,7806,491,563.429,99,21,11.714,327.752,4.157,1.48,16143,496884,20.863,20882,0.027,37.1,0,0,0,19939,0,0,68.52,23816775,42.2,8.353,80.46
2021/5/28,7315,554,596.571,78,19,9,307.136,3.275,1.54,28957,480741,20.185,20641,0.029,34.6,0,0,0,15815,0,0,68.52,23816775,42.2,8.353,80.46
2021/5/27,6761,670,562.286,59,13,6.286,283.876,2.477,1.59,19816,451784,18.969,19598,0.029,34.9,0,0,0,14087,0,0,68.52,23816775,42.2,8.353,80.46
2021/5/26,6091,635,508.286,46,11,4.571,255.744,1.931,1.65,21081,431968,18.137,19323,0.026,38,0,0,0,12196,0,0,68.52,23816775,42.2,8.353,80.46
2021/5/25,5456,539,456.571,35,6,3,229.082,1.47,1.71,24386,410887,17.252,18816,0.024,41.2,319665,319665,7987,10665,1.34,1.34,68.52,23816775,42.2,8.353,80.46
2021/5/24,4917,595,414.286,29,6,2.429,206.451,1.218,1.77,22928,386501,16.228,17916,0.023,43.2,311678,311678,8980,13047,1.31,1.31,74.07,23816775,42.2,8.353,80.46
2021/5/23,4322,460,377.143,23,6,1.571,181.469,0.966,1.82,12865,363573,15.265,16847,0.022,44.7,302698,302698,0,15431,1.27,1.27,74.07,23816775,42.2,8.353,80.46
2021/5/22,3862,723,341,17,2,0.714,162.155,0.714,1.88,14451,350708,14.725,16213,0.021,47.5,0,0,0,15837,0,0,74.07,23816775,42.2,8.353,80.46
2021/5/21,3139,314,264.143,15,0,0.429,131.798,0.63,1.92,21656,336257,14.118,15077,0.018,57.1,299844,299844,18197,16242,1.26,1.26,74.07,23816775,42.2,8.353,80.46
2021/5/20,2825,292,224.143,15,1,0.429,118.614,0.63,1.95,17896,314601,13.209,12865,0.017,57.4,281647,281647,17058,18521,1.18,1.18,74.07,23816775,42.2,8.353,80.46
2021/5/19,2533,273,186,14,0,0.286,106.354,0.588,1.99,17528,296705,12.458,10865,0.017,58.4,264589,264589,19581,19274,1.11,1.11,74.07,23816775,42.2,8.353,80.46
2021/5/18,2260,243,150,14,2,0.286,94.891,0.588,2.03,18087,279177,11.722,8708,0.017,58.1,245008,245008,24656,18924,1.03,1.03,56.02,23816775,42.2,8.353,80.46
2021/5/17,2017,335,116.857,12,0,0,84.688,0.504,2.06,15447,261090,10.962,6299,0.019,53.9,220352,220352,25674,16865,0.93,0.93,56.02,23816775,42.2,8.353,80.46
2021/5/16,1682,207,71.143,12,0,0,70.622,0.504,2.07,8425,245643,10.314,4269,0.017,60,194678,194678,0,14661,0.82,0.82,56.02,23816775,42.2,8.353,80.46
2021/5/15,1475,185,41.714,12,0,0,61.931,0.504,2.03,6498,237218,9.96,3162,0.013,75.8,0,0,0,14127,0,0,50.46,23816775,42.2,8.353,80.46
2021/5/14,1290,34,16,12,0,0,54.164,0.504,2,6177,230720,9.687,2293,0.007,143.3,186149,186149,34152,13592,0.78,0.78,25,23816775,42.2,8.353,80.46
2021/5/13,1256,25,11.857,12,0,0,52.736,0.504,1.96,3893,224543,9.428,1563,0.008,131.8,151997,151997,22328,10162,0.64,0.64,25,23816775,42.2,8.353,80.46
2021/5/12,1231,21,10.143,12,0,0,51.686,0.504,1.91,2432,220650,9.264,1150,0.009,113.4,129669,129669,17126,7954,0.54,0.54,25,23816775,42.2,8.353,80.46
2021/5/11,1210,11,8.143,12,0,0,50.805,0.504,1.86,1218,218218,9.162,959,0.008,117.8,112543,112543,0,6373,0.47,0.47,25,23816775,42.2,8.353,80.46
2021/5/10,1199,15,7.714,12,0,0,50.343,0.504,1.81,1237,217000,9.111,926,0.008,120,0,0,0,5694,0,0,25,23816775,42.2,8.353,80.46
2021/5/9,1184,1,6.714,12,0,0,49.713,0.504,1.75,680,215763,9.059,949,0.007,141.3,92049,92049,0,4828,0.39,0.39,25,23816775,42.2,8.353,80.46
2021/5/8,1183,5,7.286,12,0,0,49.671,0.504,1.7,413,215083,9.031,911,0.008,125,0,0,0,4780,0,0,25,23816775,42.2,8.353,80.46
2021/5/7,1178,5,7.143,12,0,0,49.461,0.504,1.67,1067,214670,9.013,907,0.008,127,91002,91002,10141,4731,0.38,0.38,25,23816775,42.2,8.353,80.46
2021/5/6,1173,13,7.429,12,0,0,49.251,0.504,1.64,1006,213603,8.969,877,0.008,118.1,80861,80861,6873,3810,0.34,0.34,25,23816775,42.2,8.353,80.46
2021/5/5,1160,7,6.286,12,0,0,48.705,0.504,1.61,1094,212597,8.926,896,0.007,142.5,73988,73988,6057,3308,0.31,0.31,25,23816775,42.2,8.353,80.46
2021/5/4,1153,8,6.143,12,0,0,48.411,0.504,1.59,988,211503,8.88,849,0.007,138.2,67931,67931,5494,2822,0.29,0.29,25,23816775,42.2,8.353,80.46
2021/5/3,1145,8,5.857,12,0,0,48.075,0.504,1.56,1393,210515,8.839,815,0.007,139.1,62437,62437,4185,2436,0.26,0.26,25,23816775,42.2,8.353,80.46
2021/5/2,1137,5,5.286,12,0,0,47.739,0.504,1.53,418,209122,8.78,773,0.007,146.2,58252,58252,0,2032,0.24,0.24,25,23816775,42.2,8.353,80.46
2021/5/1,1132,4,5,12,0,0,47.53,0.504,1.51,383,208704,8.763,801,0.006,160.2,0,0,0,2199,0,0,25,23816775,42.2,8.353,80.46
2021/4/30,1128,7,5.429,12,0,0.143,47.362,0.504,1.49,854,208321,8.747,824,0.007,151.8,57884,57884,3695,2194,0.24,0.24,25,23816775,42.2,8.353,80.46
2021/4/29,1121,5,5,12,0,0.143,47.068,0.504,1.47,1144,207467,8.711,821,0.006,164.2,54189,54189,3356,2138,0.23,0.23,25,23816775,42.2,8.353,80.46
2021/4/28,1116,6,4.857,12,0,0.143,46.858,0.504,1.46,764,206323,8.663,753,0.006,155,50833,50833,2653,2015,0.21,0.21,25,23816775,42.2,8.353,80.46
2021/4/27,1110,6,4.571,12,0,0.143,46.606,0.504,1.44,752,205559,8.631,764,0.006,167.1,48180,48180,2793,1998,0.2,0.2,25,23816775,42.2,8.353,80.46
2021/4/26,1104,4,4,12,0,0.143,46.354,0.504,1.42,1099,204807,8.599,732,0.005,183,45387,45387,0,1682,0.19,0.19,25,23816775,42.2,8.353,80.46
2021/4/25,1100,3,3.857,12,0,0.143,46.186,0.504,1.41,614,203708,8.553,677,0.006,175.5,0,0,0,1571,0,0,25,23816775,42.2,8.353,80.46
2021/4/24,1097,7,3.571,12,1,0.143,46.06,0.504,1.39,543,203094,8.527,608,0.006,170.3,42672,42672,149,1460,0.18,0.18,25,23816775,42.2,8.353,80.46
2021/4/23,1090,4,2.857,11,0,0,45.766,0.462,1.37,832,202551,8.505,550,0.005,192.5,42523,42523,3302,1448,0.18,0.18,25,23816775,42.2,8.353,80.46
2021/4/22,1086,4,2.571,11,0,0,45.598,0.462,1.35,670,201719,8.47,510,0.005,198.4,39221,39221,2490,1312,0.16,0.16,25,23816775,42.2,8.353,80.46
2021/4/21,1082,4,2.143,11,0,0,45.43,0.462,1.32,837,201049,8.441,489,0.004,228.2,36731,36731,2534,1176,0.15,0.15,25,23816775,42.2,8.353,80.46
2021/4/20,1078,2,2.286,11,0,0,45.262,0.462,1.29,526,200212,8.406,455,0.005,199,34197,34197,0,1012,0.14,0.14,25,23816775,42.2,8.353,80.46
2021/4/19,1076,3,2.571,11,0,0,45.178,0.462,1.27,719,199686,8.384,457,0.006,177.8,0,0,0,1105,0,0,25,23816775,42.2,8.353,80.46
2021/4/18,1073,1,2.286,11,0,0,45.052,0.462,1.24,128,198967,8.354,462,0.005,202.1,0,0,0,1190,0,0,25,23816775,42.2,8.353,80.46
2021/4/17,1072,2,2.286,11,0,0.143,45.01,0.462,1.21,139,198839,8.349,466,0.005,203.8,32450,32450,61,1113,0.14,0.14,25,23816775,42.2,8.353,80.46
2021/4/16,1070,2,2.286,11,0,0.143,44.926,0.462,1.19,548,198700,8.343,479,0.005,209.5,32389,32389,2350,1134,0.14,0.14,25,23816775,42.2,8.353,80.46
2021/4/15,1068,1,2.571,11,0,0.143,44.842,0.462,1.18,526,198152,8.32,522,0.005,203,30039,30039,1542,1167,0.13,0.13,25,23816775,42.2,8.353,80.46
2021/4/14,1067,5,2.429,11,0,0.143,44.8,0.462,1.18,598,197626,8.298,542,0.004,223.1,28497,28497,1384,1203,0.12,0.12,25,23816775,42.2,8.353,80.46
2021/4/13,1062,4,1.714,11,0,0.143,44.59,0.462,1.16,538,197028,8.273,551,0.003,321.5,27113,27113,1231,1208,0.11,0.11,25,23816775,42.2,8.353,80.46
2021/4/12,1058,1,1.429,11,0,0.143,44.422,0.462,1.14,755,196490,8.25,640,0.002,447.9,25882,25882,1181,1234,0.11,0.11,25,23816775,42.2,8.353,80.46
2021/4/11,1057,1,1.429,11,1,0.143,44.38,0.462,1.12,159,195735,8.218,575,0.002,402.4,24701,24701,43,1089,0.1,0.1,25,23816775,42.2,8.353,80.46
2021/4/10,1056,2,1.571,10,0,0,44.338,0.42,1.1,230,195576,8.212,575,0.003,366,24658,24658,208,1083,0.1,0.1,25,23816775,42.2,8.353,80.46
2021/4/9,1054,4,2.143,10,0,0,44.255,0.42,1.09,846,195346,8.202,583,0.004,272,24450,24450,2577,1056,0.1,0.1,25,23816775,42.2,8.353,80.46
2021/4/8,1050,0,2,10,0,0,44.087,0.42,1.08,669,194500,8.167,502,0.004,251,21873,21873,1798,775,0.09,0.09,25,23816775,42.2,8.353,80.46
2021/4/7,1050,0,2.857,10,0,0,44.087,0.42,1.07,659,193831,8.138,493,0.006,172.6,20075,20075,1418,811,0.08,0.08,25,23816775,42.2,8.353,80.46
2021/4/6,1050,2,3.714,10,0,0,44.087,0.42,1.08,1159,193172,8.111,537,0.007,144.6,18657,18657,1412,858,0.08,0.08,25,23816775,42.2,8.353,80.46
2021/4/5,1048,1,3.571,10,0,0,44.003,0.42,1.08,303,192013,8.062,490,0.007,137.2,17245,17245,167,908,0.07,0.07,25,23816775,42.2,8.353,80.46
2021/4/4,1047,2,3.571,10,0,0,43.961,0.42,1.1,158,191710,8.049,568,0.006,159.1,17078,17078,0,1095,0.07,0.07,25,23816775,42.2,8.353,80.46
2021/4/3,1045,6,3.571,10,0,0,43.877,0.42,1.12,290,191552,8.043,569,0.006,159.3,17078,17078,22,1100,0.07,0.07,25,23816775,42.2,8.353,80.46
2021/4/2,1039,3,3.714,10,0,0,43.625,0.42,1.13,276,191262,8.031,564,0.007,151.9,17056,17056,606,1118,0.07,0.07,25,23816775,42.2,8.353,80.46
2021/4/1,1036,6,3.429,10,0,0,43.499,0.42,1.15,605,190986,8.019,614,0.006,179.1,16450,16450,2050,1342,0.07,0.07,25,23816775,42.2,8.353,80.46
2021/3/31,1030,6,3,10,0,0,43.247,0.42,1.15,965,190381,7.994,630,0.005,210,14400,14400,1752,1319,0.06,0.06,25,23816775,42.2,8.353,80.46
2021/3/30,1024,1,2.429,10,0,0,42.995,0.42,1.14,834,189416,7.953,574,0.004,236.3,12648,12648,1757,1347,0.05,0.05,25,23816775,42.2,8.353,80.46
2021/3/29,1023,1,2.429,10,0,0,42.953,0.42,1.14,851,188582,7.918,517,0.005,212.8,10891,10891,1479,1330,0.05,0.05,25,23816775,42.2,8.353,80.46
2021/3/28,1022,2,2.286,10,0,0,42.911,0.42,1.14,164,187731,7.882,510,0.004,223.1,9412,9412,35,1345,0.04,0.04,25,23816775,42.2,8.353,80.46
2021/3/27,1020,7,2.143,10,0,0,42.827,0.42,1.14,252,187567,7.875,510,0.004,238,9377,9377,145,1563,0.04,0.04,25,23816775,42.2,8.353,80.46
2021/3/26,1013,1,1.286,10,0,0,42.533,0.42,1.13,628,187315,7.865,505,0.003,392.7,9232,9232,2179,1846,0.04,0.04,25,23816775,42.2,8.353,80.46
2021/3/25,1012,3,2,10,0,0,42.491,0.42,1.11,716,186687,7.838,477,0.004,238.5,7053,7053,1884,1763,0.03,0.03,25,23816775,42.2,8.353,80.46
2021/3/24,1009,2,2.714,10,0,0,42.365,0.42,1.1,571,185971,7.808,426,0.006,157,5169,5169,1951,1723,0.02,0.02,25,23816775,42.2,8.353,80.46
2021/3/23,1007,1,2.429,10,0,0,42.281,0.42,1.09,437,185400,7.784,414,0.006,170.4,3218,3218,1640,1609,0.01,0.01,25,23816775,42.2,8.353,80.46
2021/3/22,1006,0,2.286,10,0,0,42.239,0.42,1.09,803,184963,7.766,445,0.005,194.7,1578,1578,1578,1578,0.01,0.01,25,23816775,42.2,8.353,80.46
2021/3/21,1006,1,3,10,0,0,42.239,0.42,1.09,163,184160,7.732,407,0.007,135.7,0,0,0,0,0,0,25,23816775,42.2,8.353,80.46
2021/3/20,1005,1,3,10,0,0,42.197,0.42,1.1,219,183997,7.726,404,0.007,134.7,0,0,0,0,0,0,25,23816775,42.2,8.353,80.46
2021/3/19,1004,6,2.857,10,0,0,42.155,0.42,1.12,432,183778,7.716,403,0.007,141.1,0,0,0,0,0,0,25,23816775,42.2,8.353,80.46
2021/3/18,998,8,2.857,10,0,0,41.903,0.42,1.13,360,183346,7.698,433,0.007,151.6,0,0,0,0,0,0,25,23816775,42.2,8.353,80.46
2021/3/17,990,0,1.714,10,0,0,41.567,0.42,1.11,486,182986,7.683,471,0.004,274.8,0,0,0,0,0,0,25,23816775,42.2,8.353,80.46
2021/3/16,990,0,1.857,10,0,0,41.567,0.42,1.1,652,182500,7.663,471,0.004,253.6,0,0,0,0,0,0,25,23816775,42.2,8.353,80.46
2021/3/15,990,5,2,10,0,0,41.567,0.42,1.1,536,181848,7.635,429,0.005,214.5,0,0,0,0,0,0,25,23816775,42.2,8.353,80.46
2021/3/14,985,1,2.286,10,0,0,41.357,0.42,1.08,142,181312,7.613,509,0.004,222.7,0,0,0,0,0,0,25,23816775,42.2,8.353,80.46
2021/3/13,984,0,2.429,10,0,0,41.315,0.42,1.07,212,181170,7.607,514,0.005,211.6,0,0,0,0,0,0,25,23816775,42.2,8.353,80.46
2021/3/12,984,6,3.429,10,0,0.143,41.315,0.42,1.07,641,180958,7.598,533,0.006,155.4,0,0,0,0,0,0,25,23816775,42.2,8.353,80.46
2021/3/11,978,0,2.571,10,0,0.143,41.063,0.42,1.05,626,180317,7.571,543,0.005,211.2,0,0,0,0,0,0,25,23816775,42.2,8.353,80.46
2021/3/10,978,1,2.857,10,0,0.143,41.063,0.42,1.05,490,179691,7.545,550,0.005,192.5,0,0,0,0,0,0,25,23816775,42.2,8.353,80.46
2021/3/9,977,1,3.143,10,0,0.143,41.022,0.42,1.05,357,179201,7.524,521,0.006,165.8,0,0,0,0,0,0,25,23816775,42.2,8.353,80.46
2021/3/8,976,7,3,10,0,0.143,40.98,0.42,1.06,1093,178844,7.509,532,0.006,177.3,0,0,0,0,0,0,25,23816775,42.2,8.353,80.46
2021/3/7,969,2,2,10,0,0.143,40.686,0.42,1.04,177,177751,7.463,415,0.005,207.5,0,0,0,0,0,0,25,23816775,42.2,8.353,80.46
2021/3/6,967,7,1.857,10,1,0.143,40.602,0.42,1.02,350,177574,7.456,418,0.004,225.1,0,0,0,0,0,0,25,23816775,42.2,8.353,80.46
2021/3/5,960,0,1.286,9,0,0,40.308,0.378,1.01,708,177224,7.441,400,0.003,311,0,0,0,0,0,0,25,23816775,42.2,8.353,80.46
2021/3/4,960,2,1.286,9,0,0,40.308,0.378,1,675,176516,7.411,359,0.004,279.2,0,0,0,0,0,0,25,23816775,42.2,8.353,80.46
2021/3/3,958,3,1.714,9,0,0,40.224,0.378,0.99,288,175841,7.383,340,0.005,198.4,0,0,0,0,0,0,25,23816775,42.2,8.353,80.46
2021/3/2,955,0,1.857,9,0,0,40.098,0.378,0.97,434,175553,7.371,377,0.005,203,0,0,0,0,0,0,25,23816775,42.2,8.353,80.46
2021/3/1,955,0,1.857,9,0,0,40.098,0.378,0.95,276,175119,7.353,384,0.005,206.8,0,0,0,0,0,0,25,23816775,42.2,8.353,80.46
2021/2/28,955,1,1.857,9,0,0,40.098,0.378,0.95,197,174843,7.341,450,0.004,242.3,0,0,0,0,0,0,25,23816775,42.2,8.353,80.46
2021/2/27,954,3,1.714,9,0,0,40.056,0.378,0.94,222,174646,7.333,455,0.004,265.5,0,0,0,0,0,0,25,23816775,42.2,8.353,80.46
2021/2/26,951,0,1.429,9,0,0,39.93,0.378,0.93,418,174424,7.324,476,0.003,333.1,0,0,0,0,0,0,25,23816775,42.2,8.353,80.46
2021/2/25,951,5,1.571,9,0,0,39.93,0.378,0.92,544,174006,7.306,536,0.003,341.2,0,0,0,0,0,0,25,23816775,42.2,8.353,80.46
2021/2/24,946,4,1.143,9,0,0,39.72,0.378,0.89,546,173462,7.283,558,0.002,488.2,0,0,0,0,0,0,25,23816775,42.2,8.353,80.46
2021/2/23,942,0,0.714,9,0,0,39.552,0.378,0.86,488,172916,7.26,589,0.001,824.9,0,0,0,0,0,0,25,23816775,42.2,8.353,80.46
2021/2/22,942,0,0.714,9,0,0,39.552,0.378,0.83,736,172428,7.24,565,0.001,791.3,0,0,0,0,0,0,25,23816775,42.2,8.353,80.46
2021/2/21,942,0,0.714,9,0,0,39.552,0.378,0.82,231,171692,7.209,506,0.001,708.7,0,0,0,0,0,0,25,23816775,42.2,8.353,80.46
2021/2/20,942,1,0.714,9,0,0,39.552,0.378,0.8,371,171461,7.199,521,0.001,729.7,0,0,0,0,0,0,25,23816775,42.2,8.353,80.46
2021/2/19,941,1,0.571,9,0,0,39.51,0.378,0.79,839,171090,7.184,514,0.001,900.2,0,0,0,0,0,0,25,23816775,42.2,8.353,80.46
2021/2/18,940,2,0.571,9,0,0,39.468,0.378,0.78,698,170251,7.148,434,0.001,760.1,0,0,0,0,0,0,25,23816775,42.2,8.353,80.46
2021/2/17,938,1,0.429,9,0,0,39.384,0.378,0.77,759,169553,7.119,373,0.001,869.5,0,0,0,0,0,0,25,23816775,42.2,8.353,80.46
2021/2/16,937,0,0.571,9,0,0,39.342,0.378,0.75,320,168794,7.087,319,0.002,558.7,0,0,0,0,0,0,25,23816775,42.2,8.353,80.46
2021/2/15,937,0,1.286,9,0,0,39.342,0.378,0.74,325,168474,7.074,385,0.003,299.4,0,0,0,0,0,0,25,23816775,42.2,8.353,80.46
2021/2/14,937,0,1.429,9,0,0,39.342,0.378,0.74,334,168149,7.06,497,0.003,347.8,0,0,0,0,0,0,25,23816775,42.2,8.353,80.46
2021/2/13,937,0,1.857,9,0,0,39.342,0.378,0.74,324,167815,7.046,563,0.003,303.2,0,0,0,0,0,0,25,23816775,42.2,8.353,80.46
2021/2/12,937,1,2,9,0,0,39.342,0.378,0.75,276,167491,7.032,590,0.003,295,0,0,0,0,0,0,25,23816775,42.2,8.353,80.46
2021/2/11,936,1,2.429,9,0,0,39.3,0.378,0.76,275,167215,7.021,676,0.004,278.3,0,0,0,0,0,0,25,23816775,42.2,8.353,80.46
2021/2/10,935,2,2.571,9,0,0.143,39.258,0.378,0.78,379,166940,7.009,770,0.003,299.5,0,0,0,0,0,0,25,23816775,42.2,8.353,80.46
2021/2/9,933,5,2.571,9,0,0.143,39.174,0.378,0.8,784,166561,6.993,882,0.003,343.1,0,0,0,0,0,0,25,23816775,42.2,8.353,80.46
2021/2/8,928,1,2.286,9,0,0.143,38.964,0.378,0.81,1108,165777,6.961,1234,0.002,539.8,0,0,0,0,0,0,25,23816775,42.2,8.353,80.46
2021/2/7,927,3,2.286,9,0,0.143,38.922,0.378,0.82,793,164669,6.914,1248,0.002,545.9,0,0,0,0,0,0,25,23816775,42.2,8.353,80.46
2021/2/6,924,1,2.143,9,0,0.143,38.796,0.378,0.83,517,163876,6.881,1259,0.002,587.5,0,0,0,0,0,0,25,23816775,42.2,8.353,80.46
2021/2/5,923,4,3.429,9,0,0.286,38.754,0.378,0.84,878,163359,6.859,1380,0.002,402.4,0,0,0,0,0,0,25,23816775,42.2,8.353,80.46
2021/2/4,919,2,3.429,9,1,0.286,38.586,0.378,0.85,928,162481,6.822,1523,0.002,444.2,0,0,0,0,0,0,25,23816775,42.2,8.353,80.46
2021/2/3,917,2,3.429,8,0,0.143,38.502,0.336,0.86,1167,161553,6.783,1619,0.002,472.1,0,0,0,0,0,0,25,23816775,42.2,8.353,80.46
2021/2/2,915,3,3.571,8,0,0.143,38.418,0.336,0.88,3244,160386,6.734,1685,0.002,471.9,0,0,0,0,0,0,25,23816775,42.2,8.353,80.46
2021/2/1,912,1,3.286,8,0,0.143,38.292,0.336,0.89,1210,157142,6.598,1439,0.002,437.9,0,0,0,0,0,0,25,23816775,42.2,8.353,80.46
2021/1/31,911,2,3.143,8,0,0.143,38.25,0.336,0.91,872,155932,6.547,1514,0.002,481.7,0,0,0,0,0,0,25,23816775,42.2,8.353,80.46
2021/1/30,909,10,3.571,8,1,0.143,38.166,0.336,0.93,1359,155060,6.511,1474,0.002,412.8,0,0,0,0,0,0,25,23816775,42.2,8.353,80.46
2021/1/29,899,4,2.571,7,0,0,37.747,0.294,0.93,1879,153701,6.453,1424,0.002,553.9,0,0,0,0,0,0,25,23816775,42.2,8.353,80.46
2021/1/28,895,2,2,7,0,0,37.579,0.294,0.93,1602,151822,6.375,1345,0.001,672.5,0,0,0,0,0,0,25,23816775,42.2,8.353,80.46
2021/1/27,893,3,3.286,7,0,0,37.495,0.294,0.94,1629,150220,6.307,1286,0.003,391.4,0,0,0,0,0,0,25,23816775,42.2,8.353,80.46
2021/1/26,890,1,3.143,7,0,0,37.369,0.294,0.94,1519,148591,6.239,1231,0.003,391.7,0,0,0,0,0,0,25,23816775,42.2,8.353,80.46
2021/1/25,889,0,3.857,7,0,0,37.327,0.294,0.95,1738,147072,6.175,1150,0.003,298.2,0,0,0,0,0,0,25,23816775,42.2,8.353,80.46
2021/1/24,889,5,4.857,7,0,0,37.327,0.294,0.96,593,145334,6.102,1118,0.004,230.2,0,0,0,0,0,0,25,23816775,42.2,8.353,80.46
2021/1/23,884,3,4.714,7,0,0,37.117,0.294,0.97,1007,144741,6.077,1098,0.004,232.9,0,0,0,0,0,0,25,23816775,42.2,8.353,80.46
2021/1/22,881,0,5.429,7,0,0,36.991,0.294,0.99,1324,143734,6.035,1031,0.005,189.9,0,0,0,0,0,0,25,23816775,42.2,8.353,80.46
2021/1/21,881,11,5.571,7,0,0,36.991,0.294,1.02,1189,142410,5.979,1010,0.006,181.3,0,0,0,0,0,0,25,23816775,42.2,8.353,80.46
2021/1/20,870,2,4,7,0,0,36.529,0.294,1.03,1245,141221,5.929,978,0.004,244.5,0,0,0,0,0,0,19.44,23816775,42.2,8.353,80.46
2021/1/19,868,6,4.286,7,0,0,36.445,0.294,1.05,951,139976,5.877,909,0.005,212.1,0,0,0,0,0,0,19.44,23816775,42.2,8.353,80.46
2021/1/18,862,7,4,7,0,0,36.193,0.294,1.06,1519,139025,5.837,861,0.005,215.2,0,0,0,0,0,0,19.44,23816775,42.2,8.353,80.46
2021/1/17,855,4,3.857,7,0,0,35.899,0.294,1.06,449,137506,5.773,785,0.005,203.5,0,0,0,0,0,0,19.44,23816775,42.2,8.353,80.46
2021/1/16,851,8,3.286,7,0,0,35.731,0.294,1.06,543,137057,5.755,760,0.004,231.3,0,0,0,0,0,0,19.44,23816775,42.2,8.353,80.46
2021/1/15,843,1,2.571,7,0,0,35.395,0.294,1.04,1174,136514,5.732,718,0.004,279.3,0,0,0,0,0,0,19.44,23816775,42.2,8.353,80.46
2021/1/14,842,0,2.857,7,0,0,35.353,0.294,1.03,967,135340,5.683,636,0.004,222.6,0,0,0,0,0,0,19.44,23816775,42.2,8.353,80.46
2021/1/13,842,4,3.286,7,0,0,35.353,0.294,1.03,760,134373,5.642,598,0.005,182,0,0,0,0,0,0,19.44,23816775,42.2,8.353,80.46
2021/1/12,838,4,3,7,0,0,35.185,0.294,1.02,613,133613,5.61,604,0.005,201.3,0,0,0,0,0,0,19.44,23816775,42.2,8.353,80.46
2021/1/11,834,6,2.714,7,0,0,35.017,0.294,1.02,986,133000,5.584,602,0.005,221.8,0,0,0,0,0,0,19.44,23816775,42.2,8.353,80.46
2021/1/10,828,0,2.286,7,0,0,34.765,0.294,1,277,132014,5.543,631,0.004,276,0,0,0,0,0,0,19.44,23816775,42.2,8.353,80.46
2021/1/9,828,3,2.857,7,0,0,34.765,0.294,0.99,251,131737,5.531,614,0.005,214.9,0,0,0,0,0,0,19.44,23816775,42.2,8.353,80.46
2021/1/8,825,3,3.286,7,0,0,34.639,0.294,0.98,598,131486,5.521,614,0.005,186.9,0,0,0,0,0,0,19.44,23816775,42.2,8.353,80.46
2021/1/7,822,3,3.286,7,0,0,34.513,0.294,0.97,699,130888,5.496,557,0.006,169.5,0,0,0,0,0,0,19.44,23816775,42.2,8.353,80.46
2021/1/6,819,2,3.143,7,0,0,34.388,0.294,0.97,807,130189,5.466,530,0.006,168.6,0,0,0,0,0,0,19.44,23816775,42.2,8.353,80.46
2021/1/5,817,2,3.143,7,0,0,34.304,0.294,0.97,598,129382,5.432,511,0.006,162.6,0,0,0,0,0,0,19.44,23816775,42.2,8.353,80.46
2021/1/4,815,3,3.143,7,0,0,34.22,0.294,0.97,1185,128784,5.407,541,0.006,172.1,0,0,0,0,0,0,19.44,23816775,42.2,8.353,80.46
2021/1/3,812,4,3.857,7,0,0,34.094,0.294,0.97,159,127599,5.358,517,0.007,134,0,0,0,0,0,0,19.44,23816775,42.2,8.353,80.46
2021/1/2,808,6,3.571,7,0,0,33.926,0.294,0.97,251,127440,5.351,546,0.007,152.9,0,0,0,0,0,0,19.44,23816775,42.2,8.353,80.46
2021/1/1,802,3,3.143,7,0,0,33.674,0.294,0.96,200,127189,5.34,557,0.006,177.2,0,0,0,0,0,0,19.44,23816775,42.2,8.353,80.46
2020/12/31,799,2,3.286,7,0,0,33.548,0.294,0.95,507,126989,5.332,637,0.005,193.9,0,0,0,0,0,0,19.44,23816775,42.2,8.353,80.46
2020/12/30,797,2,3,7,0,0,33.464,0.294,0.95,674,126482,5.311,668,0.004,222.7,0,0,0,0,0,0,19.44,23816775,42.2,8.353,80.46
2020/12/29,795,2,3.571,7,0,0,33.38,0.294,0.95,810,125808,5.282,668,0.005,187.1,0,0,0,0,0,0,19.44,23816775,42.2,8.353,80.46
2020/12/28,793,8,3.857,7,0,0,33.296,0.294,0.95,1017,124998,5.248,666,0.006,172.7,0,0,0,0,0,0,19.44,23816775,42.2,8.353,80.46
2020/12/27,785,2,2.714,7,0,0,32.96,0.294,0.94,365,123981,5.206,629,0.004,231.8,0,0,0,0,0,0,19.44,23816775,42.2,8.353,80.46
2020/12/26,783,3,2.857,7,0,0,32.876,0.294,0.93,324,123616,5.19,603,0.005,211.1,0,0,0,0,0,0,19.44,23816775,42.2,8.353,80.46
2020/12/25,780,4,3,7,0,0,32.75,0.294,0.93,759,123292,5.177,591,0.005,197,0,0,0,0,0,0,19.44,23816775,42.2,8.353,80.46
2020/12/24,776,0,2.714,7,0,0,32.582,0.294,0.92,728,122533,5.145,565,0.005,208.2,0,0,0,0,0,0,19.44,23816775,42.2,8.353,80.46
2020/12/23,776,6,3.857,7,0,0,32.582,0.294,0.92,670,121805,5.114,574,0.007,148.8,0,0,0,0,0,0,19.44,23816775,42.2,8.353,80.46
2020/12/22,770,4,4,7,0,0,32.33,0.294,0.92,800,121135,5.086,587,0.007,146.8,0,0,0,0,0,0,19.44,23816775,42.2,8.353,80.46
2020/12/21,766,0,3.714,7,0,0,32.162,0.294,0.91,760,120335,5.053,587,0.006,158.1,0,0,0,0,0,0,19.44,23816775,42.2,8.353,80.46
2020/12/20,766,3,4.286,7,0,0,32.162,0.294,0.91,183,119575,5.021,599,0.007,139.8,0,0,0,0,0,0,19.44,23816775,42.2,8.353,80.46
2020/12/19,763,4,4.286,7,0,0,32.036,0.294,0.91,240,119392,5.013,604,0.007,140.9,0,0,0,0,0,0,19.44,23816775,42.2,8.353,80.46
2020/12/18,759,2,4.857,7,0,0,31.868,0.294,0.92,577,119152,5.003,630,0.008,129.7,0,0,0,0,0,0,19.44,23816775,42.2,8.353,80.46
2020/12/17,757,8,4.714,7,0,0,31.784,0.294,0.93,790,118575,4.979,659,0.007,139.8,0,0,0,0,0,0,19.44,23816775,42.2,8.353,80.46
2020/12/16,749,7,4.143,7,0,0,31.448,0.294,0.93,757,117785,4.945,608,0.007,146.8,0,0,0,0,0,0,19.44,23816775,42.2,8.353,80.46
2020/12/15,742,2,3.429,7,0,0,31.155,0.294,0.93,801,117028,4.914,543,0.006,158.4,0,0,0,0,0,0,19.44,23816775,42.2,8.353,80.46
2020/12/14,740,4,3.429,7,0,0,31.071,0.294,0.92,847,116227,4.88,470,0.007,137.1,0,0,0,0,0,0,19.44,23816775,42.2,8.353,80.46
2020/12/13,736,3,2.857,7,0,0,30.903,0.294,0.92,216,115380,4.844,384,0.007,134.4,0,0,0,0,0,0,19.44,23816775,42.2,8.353,80.46
2020/12/12,733,8,5.571,7,0,0,30.777,0.294,0.92,423,115164,4.835,372,0.015,66.8,0,0,0,0,0,0,19.44,23816775,42.2,8.353,80.46
2020/12/11,725,1,5,7,0,0,30.441,0.294,0.92,780,114741,4.818,333,0.015,66.6,0,0,0,0,0,0,19.44,23816775,42.2,8.353,80.46
2020/12/10,724,4,5.429,7,0,0,30.399,0.294,0.92,434,113961,4.785,262,0.021,48.3,0,0,0,0,0,0,19.44,23816775,42.2,8.353,80.46
2020/12/9,720,2,5,7,0,0,30.231,0.294,0.93,300,113527,4.767,328,0.015,65.6,0,0,0,0,0,0,19.44,23816775,42.2,8.353,80.46
2020/12/8,718,2,5.571,7,0,0,30.147,0.294,0.94,291,113227,4.754,312,0.018,56,0,0,0,0,0,0,19.44,23816775,42.2,8.353,80.46
2020/12/7,716,0,5.857,7,0,0,30.063,0.294,0.95,242,112936,4.742,322,0.018,55,0,0,0,0,0,0,19.44,23816775,42.2,8.353,80.46
2020/12/6,716,22,9.286,7,0,0,30.063,0.294,0.98,137,112694,4.732,335,0.028,36.1,0,0,0,0,0,0,19.44,23816775,42.2,8.353,80.46
2020/12/5,694,4,6.571,7,0,0,29.139,0.294,0.97,146,112557,4.726,350,0.019,53.3,0,0,0,0,0,0,19.44,23816775,42.2,8.353,80.46
2020/12/4,690,4,7.286,7,0,0,28.971,0.294,0.97,283,112411,4.72,398,0.018,54.6,0,0,0,0,0,0,19.44,23816775,42.2,8.353,80.46
2020/12/3,686,1,8.714,7,0,0,28.803,0.294,0.97,898,112128,4.708,449,0.019,51.5,0,0,0,0,0,0,19.44,23816775,42.2,8.353,80.46
2020/12/2,685,6,8.857,7,0,0,28.761,0.294,0.98,184,111230,4.67,381,0.023,43,0,0,0,0,0,0,19.44,23816775,42.2,8.353,80.46
2020/12/1,679,4,8.714,7,0,0,28.509,0.294,0.99,363,111046,4.663,402,0.022,46.1,0,0,0,0,0,0,19.44,23816775,42.2,8.353,80.46
2020/11/30,675,24,8.143,7,0,0,28.341,0.294,1,337,110683,4.647,399,0.02,49,0,0,0,0,0,0,23.15,23816775,42.2,8.353,80.46
2020/11/29,651,3,4.857,7,0,0,27.334,0.294,1.01,241,110346,4.633,399,0.012,82.1,0,0,0,0,0,0,23.15,23816775,42.2,8.353,80.46
2020/11/28,648,9,5.286,7,0,0,27.208,0.294,1.03,479,110105,4.623,383,0.014,72.5,0,0,0,0,0,0,23.15,23816775,42.2,8.353,80.46
2020/11/27,639,14,4,7,0,0,26.83,0.294,1.04,638,109626,4.603,344,0.012,86,0,0,0,0,0,0,23.15,23816775,42.2,8.353,80.46
2020/11/26,625,2,2.286,7,0,0,26.242,0.294,1.04,425,108988,4.576,282,0.008,123.4,0,0,0,0,0,0,23.15,23816775,42.2,8.353,80.46
2020/11/25,623,5,2.286,7,0,0,26.158,0.294,1.05,329,108563,4.558,282,0.008,123.4,0,0,0,0,0,0,23.15,23816775,42.2,8.353,80.46
2020/11/24,618,0,1.857,7,0,0,25.948,0.294,1.05,342,108234,4.544,276,0.007,148.6,0,0,0,0,0,0,23.15,23816775,42.2,8.353,80.46
2020/11/23,618,1,2.143,7,0,0,25.948,0.294,1.05,341,107892,4.53,258,0.008,120.4,0,0,0,0,0,0,23.15,23816775,42.2,8.353,80.46
2020/11/22,617,6,2.143,7,0,0,25.906,0.294,1.06,126,107551,4.516,264,0.008,123.2,0,0,0,0,0,0,23.15,23816775,42.2,8.353,80.46
2020/11/21,611,0,1.571,7,0,0,25.654,0.294,1.05,210,107425,4.51,261,0.006,166.1,0,0,0,0,0,0,23.15,23816775,42.2,8.353,80.46
2020/11/20,611,2,2,7,0,0,25.654,0.294,1.05,199,107215,4.502,245,0.008,122.5,0,0,0,0,0,0,23.15,23816775,42.2,8.353,80.46
2020/11/19,609,2,2.857,7,0,0,25.57,0.294,1.06,429,107016,4.493,245,0.012,85.8,0,0,0,0,0,0,23.15,23816775,42.2,8.353,80.46
2020/11/18,607,2,3.286,7,0,0,25.486,0.294,1.07,287,106587,4.475,238,0.014,72.4,0,0,0,0,0,0,23.15,23816775,42.2,8.353,80.46
2020/11/17,605,2,3.571,7,0,0,25.402,0.294,1.09,215,106300,4.463,238,0.015,66.6,0,0,0,0,0,0,23.15,23816775,42.2,8.353,80.46
2020/11/16,603,1,3.571,7,0,0,25.318,0.294,1.1,382,106085,4.454,249,0.014,69.7,0,0,0,0,0,0,23.15,23816775,42.2,8.353,80.46
2020/11/15,602,2,3.571,7,0,0,25.276,0.294,1.13,102,105703,4.438,240,0.015,67.2,0,0,0,0,0,0,23.15,23816775,42.2,8.353,80.46
2020/11/14,600,3,3.857,7,0,0,25.192,0.294,1.16,98,105601,4.434,243,0.016,63,0,0,0,0,0,0,23.15,23816775,42.2,8.353,80.46
2020/11/13,597,8,3.429,7,0,0,25.066,0.294,1.19,204,105503,4.43,245,0.014,71.4,0,0,0,0,0,0,23.15,23816775,42.2,8.353,80.46
2020/11/12,589,5,2.857,7,0,0,24.73,0.294,1.21,380,105299,4.421,272,0.011,95.2,0,0,0,0,0,0,23.15,23816775,42.2,8.353,80.46
2020/11/11,584,4,2.286,7,0,0,24.521,0.294,1.22,287,104919,4.405,257,0.009,112.4,0,0,0,0,0,0,23.15,23816775,42.2,8.353,80.46
2020/11/10,580,2,1.857,7,0,0,24.353,0.294,1.22,292,104632,4.393,262,0.007,141.1,0,0,0,0,0,0,23.15,23816775,42.2,8.353,80.46
2020/11/9,578,1,2.143,7,0,0,24.269,0.294,1.21,320,104340,4.381,262,0.008,122.3,0,0,0,0,0,0,23.15,23816775,42.2,8.353,80.46
2020/11/8,577,4,2.714,7,0,0,24.227,0.294,1.22,118,104020,4.368,266,0.01,98,0,0,0,0,0,0,23.15,23816775,42.2,8.353,80.46
2020/11/7,573,0,2.571,7,0,0,24.059,0.294,1.22,114,103902,4.363,266,0.01,103.5,0,0,0,0,0,0,23.15,23816775,42.2,8.353,80.46
2020/11/6,573,4,2.714,7,0,0,24.059,0.294,1.23,394,103788,4.358,263,0.01,96.9,0,0,0,0,0,0,23.15,23816775,42.2,8.353,80.46
2020/11/5,569,1,2.286,7,0,0,23.891,0.294,1.24,272,103394,4.341,229,0.01,100.2,0,0,0,0,0,0,23.15,23816775,42.2,8.353,80.46
2020/11/4,568,1,2.571,7,0,0,23.849,0.294,1.25,325,103122,4.33,271,0.009,105.4,0,0,0,0,0,0,23.15,23816775,42.2,8.353,80.46
2020/11/3,567,4,2.429,7,0,0,23.807,0.294,1.28,288,102797,4.316,253,0.01,104.2,0,0,0,0,0,0,23.15,23816775,42.2,8.353,80.46
2020/11/2,563,5,1.857,7,0,0,23.639,0.294,1.29,352,102509,4.304,241,0.008,129.8,0,0,0,0,0,0,23.15,23816775,42.2,8.353,80.46
2020/11/1,558,3,1.143,7,0,0,23.429,0.294,1.28,116,102157,4.289,233,0.005,203.8,0,0,0,0,0,0,23.15,23816775,42.2,8.353,80.46
2020/10/31,555,1,0.714,7,0,0,23.303,0.294,1.26,93,102041,4.284,233,0.003,326.3,0,0,0,0,0,0,23.15,23816775,42.2,8.353,80.46
2020/10/30,554,1,0.857,7,0,0,23.261,0.294,1.24,156,101948,4.281,234,0.004,273,0,0,0,0,0,0,23.15,23816775,42.2,8.353,80.46
2020/10/29,553,3,0.714,7,0,0,23.219,0.294,1.22,569,101792,4.274,237,0.003,331.9,0,0,0,0,0,0,23.15,23816775,42.2,8.353,80.46
2020/10/28,550,0,0.857,7,0,0,23.093,0.294,1.19,198,101223,4.25,203,0.004,236.9,0,0,0,0,0,0,23.15,23816775,42.2,8.353,80.46
2020/10/27,550,0,1,7,0,0,23.093,0.294,1.17,206,101025,4.242,205,0.005,205,0,0,0,0,0,0,23.15,23816775,42.2,8.353,80.46
2020/10/26,550,0,1.429,7,0,0,23.093,0.294,1.16,293,100819,4.233,207,0.007,144.9,0,0,0,0,0,0,23.15,23816775,42.2,8.353,80.46
2020/10/25,550,0,2.143,7,0,0,23.093,0.294,1.17,118,100526,4.221,210,0.01,98,0,0,0,0,0,0,23.15,23816775,42.2,8.353,80.46
2020/10/24,550,2,2.143,7,0,0,23.093,0.294,1.18,97,100408,4.216,219,0.01,102.2,0,0,0,0,0,0,23.15,23816775,42.2,8.353,80.46
2020/10/23,548,0,1.857,7,0,0,23.009,0.294,1.2,177,100311,4.212,224,0.008,120.6,0,0,0,0,0,0,23.15,23816775,42.2,8.353,80.46
2020/10/22,548,4,2.429,7,0,0,23.009,0.294,1.23,329,100134,4.204,253,0.01,104.2,0,0,0,0,0,0,23.15,23816775,42.2,8.353,80.46
2020/10/21,544,1,2,7,0,0,22.841,0.294,1.24,215,99805,4.191,290,0.007,145,0,0,0,0,0,0,23.15,23816775,42.2,8.353,80.46
2020/10/20,543,3,1.857,7,0,0,22.799,0.294,1.27,223,99590,4.182,309,0.006,166.4,0,0,0,0,0,0,23.15,23816775,42.2,8.353,80.46
2020/10/19,540,5,1.571,7,0,0,22.673,0.294,1.28,314,99367,4.172,316,0.005,201.1,0,0,0,0,0,0,23.15,23816775,42.2,8.353,80.46
2020/10/18,535,0,1.143,7,0,0,22.463,0.294,1.27,176,99053,4.159,314,0.004,274.7,0,0,0,0,0,0,23.15,23816775,42.2,8.353,80.46
2020/10/17,535,0,1.143,7,0,0,22.463,0.294,1.27,132,98877,4.152,307,0.004,268.6,0,0,0,0,0,0,23.15,23816775,42.2,8.353,80.46
2020/10/16,535,4,1.143,7,0,0,22.463,0.294,1.27,382,98745,4.146,304,0.004,266,0,0,0,0,0,0,23.15,23816775,42.2,8.353,80.46
2020/10/15,531,1,1,7,0,0,22.295,0.294,1.25,589,98363,4.13,298,0.003,298,0,0,0,0,0,0,23.15,23816775,42.2,8.353,80.46
2020/10/14,530,0,1,7,0,0,22.253,0.294,1.24,345,97774,4.105,298,0.003,298,0,0,0,0,0,0,23.15,23816775,42.2,8.353,80.46
2020/10/13,530,1,1.286,7,0,0,22.253,0.294,1.23,271,97429,4.091,311,0.004,241.8,0,0,0,0,0,0,23.15,23816775,42.2,8.353,80.46
2020/10/12,529,2,1.571,7,0,0,22.211,0.294,1.23,305,97158,4.079,296,0.005,188.4,0,0,0,0,0,0,23.15,23816775,42.2,8.353,80.46
2020/10/11,527,0,1.429,7,0,0,22.127,0.294,1.23,123,96853,4.067,303,0.005,212,0,0,0,0,0,0,23.15,23816775,42.2,8.353,80.46
2020/10/10,527,0,1.429,7,0,0,22.127,0.294,1.23,114,96730,4.061,310,0.005,216.9,0,0,0,0,0,0,23.15,23816775,42.2,8.353,80.46
2020/10/9,527,3,1.429,7,0,0,22.127,0.294,1.25,339,96616,4.057,309,0.005,216.2,0,0,0,0,0,0,23.15,23816775,42.2,8.353,80.46
2020/10/8,524,1,1.286,7,0,0,22.001,0.294,1.26,590,96277,4.042,317,0.004,246.5,0,0,0,0,0,0,23.15,23816775,42.2,8.353,80.46
2020/10/7,523,2,1.286,7,0,0,21.959,0.294,1.27,432,95687,4.018,254,0.005,197.5,0,0,0,0,0,0,23.15,23816775,42.2,8.353,80.46
2020/10/6,521,3,1.143,7,0,0,21.875,0.294,1.27,170,95255,3.999,229,0.005,200.3,0,0,0,0,0,0,23.15,23816775,42.2,8.353,80.46
2020/10/5,518,1,0.714,7,0,0,21.749,0.294,1.25,356,95085,3.992,235,0.003,329.1,0,0,0,0,0,0,23.15,23816775,42.2,8.353,80.46
2020/10/4,517,0,1,7,0,0,21.707,0.294,1.23,167,94729,3.977,221,0.005,221,0,0,0,0,0,0,23.15,23816775,42.2,8.353,80.46
2020/10/3,517,0,1,7,0,0,21.707,0.294,1.22,109,94562,3.97,227,0.004,227,0,0,0,0,0,0,23.15,23816775,42.2,8.353,80.46
2020/10/2,517,2,1,7,0,0,21.707,0.294,1.23,392,94453,3.966,250,0.004,250,0,0,0,0,0,0,23.15,23816775,42.2,8.353,80.46
2020/10/1,515,1,0.857,7,0,0,21.623,0.294,1.22,152,94061,3.949,214,0.004,249.7,0,0,0,0,0,0,23.15,23816775,42.2,8.353,80.46
2020/9/30,514,1,0.714,7,0,0,21.581,0.294,1.22,260,93909,3.943,221,0.003,309.5,0,0,0,0,0,0,23.15,23816775,42.2,8.353,80.46
2020/9/29,513,0,0.571,7,0,0,21.539,0.294,1.21,211,93649,3.932,220,0.003,385.3,0,0,0,0,0,0,23.15,23816775,42.2,8.353,80.46
2020/9/28,513,3,0.571,7,0,0,21.539,0.294,1.21,259,93438,3.923,215,0.003,376.5,0,0,0,0,0,0,23.15,23816775,42.2,8.353,80.46
2020/9/27,510,0,0.429,7,0,0,21.413,0.294,1.18,204,93179,3.912,218,0.002,508.2,0,0,0,0,0,0,23.15,23816775,42.2,8.353,80.46
2020/9/26,510,0,0.571,7,0,0,21.413,0.294,1.16,275,92975,3.904,203,0.003,355.5,0,0,0,0,0,0,23.15,23816775,42.2,8.353,80.46
2020/9/25,510,1,1,7,0,0,21.413,0.294,1.15,137,92700,3.892,178,0.006,178,0,0,0,0,0,0,23.15,23816775,42.2,8.353,80.46
2020/9/24,509,0,0.857,7,0,0,21.371,0.294,1.14,198,92563,3.886,208,0.004,242.7,0,0,0,0,0,0,23.15,23816775,42.2,8.353,80.46
2020/9/23,509,0,1.286,7,0,0,21.371,0.294,1.15,257,92365,3.878,277,0.005,215.4,0,0,0,0,0,0,23.15,23816775,42.2,8.353,80.46
2020/9/22,509,0,1.429,7,0,0,21.371,0.294,1.16,175,92108,3.867,281,0.005,196.6,0,0,0,0,0,0,23.15,23816775,42.2,8.353,80.46
2020/9/21,509,2,1.429,7,0,0,21.371,0.294,1.18,283,91933,3.86,278,0.005,194.5,0,0,0,0,0,0,23.15,23816775,42.2,8.353,80.46
2020/9/20,507,1,1.286,7,0,0,21.288,0.294,1.21,98,91650,3.848,260,0.005,202.2,0,0,0,0,0,0,23.15,23816775,42.2,8.353,80.46
2020/9/19,506,3,1.143,7,0,0,21.246,0.294,1.23,95,91552,3.844,276,0.004,241.5,0,0,0,0,0,0,23.15,23816775,42.2,8.353,80.46
2020/9/18,503,0,0.714,7,0,0,21.12,0.294,1.23,351,91457,3.84,280,0.003,392.2,0,0,0,0,0,0,23.15,23816775,42.2,8.353,80.46
2020/9/17,503,3,1,7,0,0,21.12,0.294,1.24,680,91106,3.825,257,0.004,257,0,0,0,0,0,0,23.15,23816775,42.2,8.353,80.46
2020/9/16,500,1,0.714,7,0,0,20.994,0.294,1.22,282,90426,3.797,192,0.004,268.9,0,0,0,0,0,0,23.15,23816775,42.2,8.353,80.46
2020/9/15,499,0,0.571,7,0,0,20.952,0.294,1.2,160,90144,3.785,174,0.003,304.7,0,0,0,0,0,0,23.15,23816775,42.2,8.353,80.46
2020/9/14,499,1,0.714,7,0,0,20.952,0.294,1.18,154,89984,3.778,177,0.004,247.9,0,0,0,0,0,0,23.15,23816775,42.2,8.353,80.46
2020/9/13,498,0,0.714,7,0,0,20.91,0.294,1.17,210,89830,3.772,182,0.004,254.9,0,0,0,0,0,0,23.15,23816775,42.2,8.353,80.46
2020/9/12,498,0,0.857,7,0,0,20.91,0.294,1.16,126,89620,3.763,177,0.005,206.5,0,0,0,0,0,0,23.15,23816775,42.2,8.353,80.46
2020/9/11,498,2,1.143,7,0,0,20.91,0.294,1.17,186,89494,3.758,175,0.007,153.1,0,0,0,0,0,0,23.15,23816775,42.2,8.353,80.46
2020/9/10,496,1,1,7,0,0,20.826,0.294,1.16,224,89308,3.75,183,0.005,183,0,0,0,0,0,0,23.15,23816775,42.2,8.353,80.46
2020/9/9,495,0,0.857,7,0,0,20.784,0.294,1.15,155,89084,3.74,184,0.005,214.7,0,0,0,0,0,0,23.15,23816775,42.2,8.353,80.46
2020/9/8,495,1,1,7,0,0,20.784,0.294,1.15,187,88929,3.734,184,0.005,184,0,0,0,0,0,0,23.15,23816775,42.2,8.353,80.46
2020/9/7,494,1,0.857,7,0,0,20.742,0.294,1.15,188,88742,3.726,178,0.005,207.7,0,0,0,0,0,0,23.15,23816775,42.2,8.353,80.46
2020/9/6,493,1,0.714,7,0,0,20.7,0.294,1.15,173,88554,3.718,181,0.004,253.5,0,0,0,0,0,0,23.15,23816775,42.2,8.353,80.46
2020/9/5,492,2,0.571,7,0,0,20.658,0.294,1.14,112,88381,3.711,179,0.003,313.5,0,0,0,0,0,0,23.15,23816775,42.2,8.353,80.46
2020/9/4,490,1,0.429,7,0,0,20.574,0.294,1.13,242,88269,3.706,184,0.002,428.9,0,0,0,0,0,0,23.15,23816775,42.2,8.353,80.46
2020/9/3,489,0,0.286,7,0,0,20.532,0.294,1.1,232,88027,3.696,175,0.002,611.9,0,0,0,0,0,0,23.15,23816775,42.2,8.353,80.46
2020/9/2,489,1,0.286,7,0,0,20.532,0.294,1.07,152,87795,3.686,171,0.002,597.9,0,0,0,0,0,0,23.15,23816775,42.2,8.353,80.46
2020/9/1,488,0,0.143,7,0,0,20.49,0.294,1.02,144,87643,3.68,175,0.001,1223.8,0,0,0,0,0,0,23.15,23816775,42.2,8.353,80.46
2020/8/31,488,0,0.143,7,0,0,20.49,0.294,0.98,215,87499,3.674,177,0.001,1237.8,0,0,0,0,0,0,23.15,23816775,42.2,8.353,80.46
2020/8/30,488,0,0.143,7,0,0,20.49,0.294,0.95,157,87284,3.665,181,0.001,1265.7,0,0,0,0,0,0,23.15,23816775,42.2,8.353,80.46
2020/8/29,488,1,0.143,7,0,0,20.49,0.294,0.92,148,87127,3.658,175,0.001,1223.8,0,0,0,0,0,0,23.15,23816775,42.2,8.353,80.46
2020/8/28,487,0,0,7,0,0,20.448,0.294,0.87,177,86979,3.652,172,0,0,0,0,0,0,0,0,23.15,23816775,42.2,8.353,80.46
2020/8/27,487,0,0.143,7,0,0,20.448,0.294,0.83,204,86802,3.645,178,0.001,1244.8,0,0,0,0,0,0,23.15,23816775,42.2,8.353,80.46
2020/8/26,487,0,0.143,7,0,0,20.448,0.294,0.79,182,86598,3.636,179,0.001,1251.7,0,0,0,0,0,0,23.15,23816775,42.2,8.353,80.46
2020/8/25,487,0,0.143,7,0,0,20.448,0.294,0.77,155,86416,3.628,185,0.001,1293.7,0,0,0,0,0,0,23.15,23816775,42.2,8.353,80.46
2020/8/24,487,0,0.286,7,0,0,20.448,0.294,0.75,242,86261,3.622,186,0.002,650.3,0,0,0,0,0,0,23.15,23816775,42.2,8.353,80.46
2020/8/23,487,0,0.429,7,0,0,20.448,0.294,0.74,117,86019,3.612,189,0.002,440.6,0,0,0,0,0,0,23.15,23816775,42.2,8.353,80.46
2020/8/22,487,0,0.714,7,0,0,20.448,0.294,0.73,128,85902,3.607,190,0.004,266.1,0,0,0,0,0,0,23.15,23816775,42.2,8.353,80.46
2020/8/21,487,1,0.857,7,0,0,20.448,0.294,0.74,217,85774,3.601,191,0.004,222.9,0,0,0,0,0,0,23.15,23816775,42.2,8.353,80.46
2020/8/20,486,0,0.714,7,0,0,20.406,0.294,0.74,214,85557,3.592,188,0.004,263.3,0,0,0,0,0,0,23.15,23816775,42.2,8.353,80.46
2020/8/19,486,0,0.714,7,0,0,20.406,0.294,0.74,222,85343,3.583,190,0.004,266.1,0,0,0,0,0,0,23.15,23816775,42.2,8.353,80.46
2020/8/18,486,1,0.857,7,0,0,20.406,0.294,0.75,165,85121,3.574,186,0.005,217,0,0,0,0,0,0,23.15,23816775,42.2,8.353,80.46
2020/8/17,485,1,1.143,7,0,0,20.364,0.294,0.77,260,84956,3.567,183,0.006,160.1,0,0,0,0,0,0,23.15,23816775,42.2,8.353,80.46
2020/8/16,484,2,1,7,0,0,20.322,0.294,0.78,124,84696,3.556,181,0.006,181,0,0,0,0,0,0,23.15,23816775,42.2,8.353,80.46
2020/8/15,482,1,0.429,7,0,0,20.238,0.294,0.77,133,84572,3.551,184,0.002,428.9,0,0,0,0,0,0,23.15,23816775,42.2,8.353,80.46
2020/8/14,481,0,0.571,7,0,0,20.196,0.294,0.76,198,84439,3.545,189,0.003,331,0,0,0,0,0,0,23.15,23816775,42.2,8.353,80.46
2020/8/13,481,0,0.571,7,0,0,20.196,0.294,0.76,229,84241,3.537,185,0.003,324,0,0,0,0,0,0,23.15,23816775,42.2,8.353,80.46
2020/8/12,481,1,0.714,7,0,0,20.196,0.294,0.76,190,84012,3.527,182,0.004,254.9,0,0,0,0,0,0,23.15,23816775,42.2,8.353,80.46
2020/8/11,480,3,0.571,7,0,0,20.154,0.294,0.77,147,83822,3.519,186,0.003,325.7,0,0,0,0,0,0,23.15,23816775,42.2,8.353,80.46
2020/8/10,477,0,0.429,7,0,0,20.028,0.294,0.75,247,83675,3.513,192,0.002,447.6,0,0,0,0,0,0,23.15,23816775,42.2,8.353,80.46
2020/8/9,477,-2,0.286,7,0,0,20.028,0.294,0.73,142,83428,3.503,196,0.001,685.3,0,0,0,0,0,0,23.15,23816775,42.2,8.353,80.46
2020/8/8,479,2,0.714,7,0,0,20.112,0.294,0.71,173,83286,3.497,194,0.004,271.7,0,0,0,0,0,0,23.15,23816775,42.2,8.353,80.46
2020/8/7,477,0,1.429,7,0,0,20.028,0.294,0.69,164,83113,3.49,184,0.008,128.8,0,0,0,0,0,0,23.15,23816775,42.2,8.353,80.46
2020/8/6,477,1,1.429,7,0,0,20.028,0.294,0.67,214,82949,3.483,195,0.007,136.5,0,0,0,0,0,0,23.15,23816775,42.2,8.353,80.46
2020/8/5,476,0,1.286,7,0,0,19.986,0.294,0.65,212,82735,3.474,193,0.007,150.1,0,0,0,0,0,0,23.15,23816775,42.2,8.353,80.46
2020/8/4,476,2,1.286,7,0,0,19.986,0.294,0.63,192,82523,3.465,194,0.007,150.9,0,0,0,0,0,0,23.15,23816775,42.2,8.353,80.46
2020/8/3,474,-1,1.714,7,0,0,19.902,0.294,0.62,273,82331,3.457,215,0.008,125.4,0,0,0,0,0,0,23.15,23816775,42.2,8.353,80.46
2020/8/2,475,1,2.429,7,0,0,19.944,0.294,0.6,132,82058,3.445,205,0.012,84.4,0,0,0,0,0,0,23.15,23816775,42.2,8.353,80.46
2020/8/1,474,7,2.286,7,0,0,19.902,0.294,0.58,104,81926,3.44,204,0.011,89.2,0,0,0,0,0,0,23.15,23816775,42.2,8.353,80.46
2020/7/31,467,0,1.286,7,0,0,19.608,0.294,0.57,235,81822,3.435,203,0.006,157.9,0,0,0,0,0,0,23.15,23816775,42.2,8.353,80.46
2020/7/30,467,0,1.714,7,0,0,19.608,0.294,0.56,203,81587,3.426,188,0.009,109.7,0,0,0,0,0,0,23.15,23816775,42.2,8.353,80.46
2020/7/29,467,0,1.714,7,0,0,19.608,0.294,0.55,220,81384,3.417,183,0.009,106.8,0,0,0,0,0,0,23.15,23816775,42.2,8.353,80.46
2020/7/28,467,5,2.286,7,0,0,19.608,0.294,0.55,341,81164,3.408,173,0.013,75.7,0,0,0,0,0,0,23.15,23816775,42.2,8.353,80.46
2020/7/27,462,4,1.571,7,0,0,19.398,0.294,0.51,201,80823,3.394,145,0.011,92.3,0,0,0,0,0,0,23.15,23816775,42.2,8.353,80.46
2020/7/26,458,0,1,7,0,0,19.23,0.294,0.47,123,80622,3.385,139,0.007,139,0,0,0,0,0,0,23.15,23816775,42.2,8.353,80.46
2020/7/25,458,0,1,7,0,0,19.23,0.294,0.44,95,80499,3.38,141,0.007,141,0,0,0,0,0,0,23.15,23816775,42.2,8.353,80.46
2020/7/24,458,3,1,7,0,0,19.23,0.294,0.41,135,80404,3.376,143,0.007,143,0,0,0,0,0,0,23.15,23816775,42.2,8.353,80.46
2020/7/23,455,0,0.571,7,0,0,19.104,0.294,0.38,163,80269,3.37,145,0.004,253.9,0,0,0,0,0,0,23.15,23816775,42.2,8.353,80.46
2020/7/22,455,4,0.571,7,0,0,19.104,0.294,0.36,156,80106,3.363,149,0.004,260.9,0,0,0,0,0,0,23.15,23816775,42.2,8.353,80.46
2020/7/21,451,0,0,7,0,0,18.936,0.294,0.33,143,79950,3.357,150,0,0,0,0,0,0,0,0,23.15,23816775,42.2,8.353,80.46
2020/7/20,451,0,0,7,0,0,18.936,0.294,0.32,161,79807,3.351,152,0,0,0,0,0,0,0,0,23.15,23816775,42.2,8.353,80.46
2020/7/19,451,0,0,7,0,0,18.936,0.294,0.3,135,79646,3.344,147,0,0,0,0,0,0,0,0,23.15,23816775,42.2,8.353,80.46
2020/7/18,451,0,0,7,0,0,18.936,0.294,0.28,111,79511,3.338,145,0,0,0,0,0,0,0,0,23.15,23816775,42.2,8.353,80.46
2020/7/17,451,0,0.286,7,0,0,18.936,0.294,0.27,145,79400,3.334,146,0.002,510.5,0,0,0,0,0,0,23.15,23816775,42.2,8.353,80.46
2020/7/16,451,0,0.286,7,0,0,18.936,0.294,0.26,191,79255,3.328,149,0.002,521,0,0,0,0,0,0,23.15,23816775,42.2,8.353,80.46
2020/7/15,451,0,0.286,7,0,0,18.936,0.294,0.26,164,79064,3.32,149,0.002,521,0,0,0,0,0,0,23.15,23816775,42.2,8.353,80.46
2020/7/14,451,0,0.286,7,0,0,18.936,0.294,0.25,155,78900,3.313,146,0.002,510.5,0,0,0,0,0,0,23.15,23816775,42.2,8.353,80.46
2020/7/13,451,0,0.286,7,0,0,18.936,0.294,0.25,126,78745,3.306,143,0.002,500,0,0,0,0,0,0,23.15,23816775,42.2,8.353,80.46
2020/7/12,451,0,0.286,7,0,0,18.936,0.294,0.25,126,78619,3.301,150,0.002,524.5,0,0,0,0,0,0,23.15,23816775,42.2,8.353,80.46
2020/7/11,451,2,0.286,7,0,0,18.936,0.294,0.25,118,78493,3.296,154,0.002,538.5,0,0,0,0,0,0,23.15,23816775,42.2,8.353,80.46
2020/7/10,449,0,0,7,0,0,18.852,0.294,0.25,165,78375,3.291,154,0,0,0,0,0,0,0,0,23.15,23816775,42.2,8.353,80.46
2020/7/9,449,0,0.143,7,0,0,18.852,0.294,0.26,188,78210,3.284,150,0.001,1049,0,0,0,0,0,0,23.15,23816775,42.2,8.353,80.46
2020/7/8,449,0,0.286,7,0,0,18.852,0.294,0.27,141,78022,3.276,142,0.002,496.5,0,0,0,0,0,0,23.15,23816775,42.2,8.353,80.46
2020/7/7,449,0,0.286,7,0,0,18.852,0.294,0.28,136,77881,3.27,142,0.002,496.5,0,0,0,0,0,0,23.15,23816775,42.2,8.353,80.46
2020/7/6,449,0,0.286,7,0,0,18.852,0.294,0.29,177,77745,3.264,152,0.002,531.5,0,0,0,0,0,0,23.15,23816775,42.2,8.353,80.46
2020/7/5,449,0,0.286,7,0,0,18.852,0.294,0.31,151,77568,3.257,153,0.002,535,0,0,0,0,0,0,23.15,23816775,42.2,8.353,80.46
2020/7/4,449,0,0.286,7,0,0,18.852,0.294,0.33,119,77417,3.251,150,0.002,524.5,0,0,0,0,0,0,23.15,23816775,42.2,8.353,80.46
2020/7/3,449,1,0.286,7,0,0,18.852,0.294,0.35,140,77298,3.246,155,0.002,542,0,0,0,0,0,0,23.15,23816775,42.2,8.353,80.46
2020/7/2,448,1,0.143,7,0,0,18.81,0.294,0.34,129,77158,3.24,160,0.001,1118.9,0,0,0,0,0,0,23.15,23816775,42.2,8.353,80.46
2020/7/1,447,0,0.143,7,0,0,18.768,0.294,0.32,141,77029,3.234,173,0.001,1209.8,0,0,0,0,0,0,23.15,23816775,42.2,8.353,80.46
2020/6/30,447,0,0.143,7,0,0,18.768,0.294,0.3,210,76888,3.228,177,0.001,1237.8,0,0,0,0,0,0,23.15,23816775,42.2,8.353,80.46
2020/6/29,447,0,0.143,7,0,0,18.768,0.294,0.29,184,76678,3.219,165,0.001,1153.8,0,0,0,0,0,0,23.15,23816775,42.2,8.353,80.46
2020/6/28,447,0,0.143,7,0,0,18.768,0.294,0.28,127,76494,3.212,161,0.001,1125.9,0,0,0,0,0,0,23.15,23816775,42.2,8.353,80.46
2020/6/27,447,0,0.143,7,0,0,18.768,0.294,0.27,154,76367,3.206,158,0.001,1104.9,0,0,0,0,0,0,23.15,23816775,42.2,8.353,80.46
2020/6/26,447,0,0.143,7,0,0,18.768,0.294,0.27,176,76213,3.2,152,0.001,1062.9,0,0,0,0,0,0,23.15,23816775,42.2,8.353,80.46
2020/6/25,447,1,0.143,7,0,0,18.768,0.294,0.27,217,76037,3.193,150,0.001,1049,0,0,0,0,0,0,23.15,23816775,42.2,8.353,80.46
2020/6/24,446,0,0.143,7,0,0,18.726,0.294,0.27,173,75820,3.183,138,0.001,965,0,0,0,0,0,0,23.15,23816775,42.2,8.353,80.46
2020/6/23,446,0,0.143,7,0,0,18.726,0.294,0.27,126,75647,3.176,134,0.001,937.1,0,0,0,0,0,0,23.15,23816775,42.2,8.353,80.46
2020/6/22,446,0,0.143,7,0,0,18.726,0.294,0.27,156,75521,3.171,137,0.001,958,0,0,0,0,0,0,23.15,23816775,42.2,8.353,80.46
2020/6/21,446,0,0.429,7,0,0,18.726,0.294,0.28,104,75365,3.164,136,0.003,317,0,0,0,0,0,0,25.93,23816775,42.2,8.353,80.46
2020/6/20,446,0,0.429,7,0,0,18.726,0.294,0.29,114,75261,3.16,137,0.003,319.3,0,0,0,0,0,0,25.93,23816775,42.2,8.353,80.46
2020/6/19,446,0,0.429,7,0,0,18.726,0.294,0.3,159,75147,3.155,137,0.003,319.3,0,0,0,0,0,0,25.93,23816775,42.2,8.353,80.46
2020/6/18,446,1,0.429,7,0,0,18.726,0.294,0.31,135,74988,3.149,135,0.003,314.7,0,0,0,0,0,0,25.93,23816775,42.2,8.353,80.46
2020/6/17,445,0,0.286,7,0,0,18.684,0.294,0.29,146,74853,3.143,135,0.002,472,0,0,0,0,0,0,25.93,23816775,42.2,8.353,80.46
2020/6/16,445,0,0.286,7,0,0,18.684,0.294,0.26,147,74707,3.137,136,0.002,475.5,0,0,0,0,0,0,25.93,23816775,42.2,8.353,80.46
2020/6/15,445,2,0.286,7,0,0,18.684,0.294,0.24,145,74560,3.131,136,0.002,475.5,0,0,0,0,0,0,25.93,23816775,42.2,8.353,80.46
2020/6/14,443,0,0,7,0,0,18.6,0.294,0.22,111,74415,3.124,134,0,0,0,0,0,0,0,0,25.93,23816775,42.2,8.353,80.46
2020/6/13,443,0,0,7,0,0,18.6,0.294,0.2,118,74304,3.12,134,0,0,0,0,0,0,0,0,25.93,23816775,42.2,8.353,80.46
2020/6/12,443,0,0,7,0,0,18.6,0.294,0.19,142,74186,3.115,137,0,0,0,0,0,0,0,0,25.93,23816775,42.2,8.353,80.46
2020/6/11,443,0,0,7,0,0,18.6,0.294,0.17,135,74044,3.109,143,0,0,0,0,0,0,0,0,25.93,23816775,42.2,8.353,80.46
2020/6/10,443,0,0,7,0,0,18.6,0.294,0.16,152,73909,3.103,148,0,0,0,0,0,0,0,0,25.93,23816775,42.2,8.353,80.46
2020/6/9,443,0,0,7,0,0,18.6,0.294,0.15,152,73757,3.097,153,0,0,0,0,0,0,0,0,25.93,23816775,42.2,8.353,80.46
2020/6/8,443,0,0,7,0,0,18.6,0.294,0.14,129,73605,3.09,156,0,0,0,0,0,0,0,0,25.93,23816775,42.2,8.353,80.46
2020/6/7,443,0,0.143,7,0,0,18.6,0.294,0.13,108,73476,3.085,165,0.001,1153.8,0,0,0,0,0,0,25.93,23816775,42.2,8.353,80.46
2020/6/6,443,0,0.143,7,0,0,18.6,0.294,0.12,138,73368,3.081,183,0.001,1279.7,0,0,0,0,0,0,25.93,23816775,42.2,8.353,80.46
2020/6/5,443,0,0.143,7,0,0,18.6,0.294,0.12,184,73230,3.075,188,0.001,1314.7,0,0,0,0,0,0,25.93,23816775,42.2,8.353,80.46
2020/6/4,443,0,0.286,7,0,0,18.6,0.294,0.11,170,73046,3.067,184,0.002,643.4,0,0,0,0,0,0,25.93,23816775,42.2,8.353,80.46
2020/6/3,443,0,0.286,7,0,0,18.6,0.294,0.11,188,72876,3.06,184,0.002,643.4,0,0,0,0,0,0,25.93,23816775,42.2,8.353,80.46
2020/6/2,443,0,0.286,7,0,0,18.6,0.294,0.11,178,72688,3.052,183,0.002,639.9,0,0,0,0,0,0,25.93,23816775,42.2,8.353,80.46
2020/6/1,443,1,0.286,7,0,0,18.6,0.294,0.1,186,72510,3.044,201,0.001,702.8,0,0,0,0,0,0,25.93,23816775,42.2,8.353,80.46
2020/5/31,442,0,0.143,7,0,0,18.558,0.294,0.1,237,72324,3.037,206,0.001,1440.6,0,0,0,0,0,0,25.93,23816775,42.2,8.353,80.46
2020/5/30,442,0,0.143,7,0,0,18.558,0.294,0.1,174,72087,3.027,198,0.001,1384.6,0,0,0,0,0,0,25.93,23816775,42.2,8.353,80.46
2020/5/29,442,1,0.143,7,0,0,18.558,0.294,0.1,156,71913,3.019,198,0.001,1384.6,0,0,0,0,0,0,25.93,23816775,42.2,8.353,80.46
2020/5/28,441,0,0.143,7,0,0,18.516,0.294,0.1,170,71757,3.013,202,0.001,1412.6,0,0,0,0,0,0,25.93,23816775,42.2,8.353,80.46
2020/5/27,441,0,0.143,7,0,0,18.516,0.294,0.1,183,71587,3.006,211,0.001,1475.5,0,0,0,0,0,0,25.93,23816775,42.2,8.353,80.46
2020/5/26,441,0,0.143,7,0,0,18.516,0.294,0.1,299,71404,2.998,218,0.001,1524.5,0,0,0,0,0,0,25.93,23816775,42.2,8.353,80.46
2020/5/25,441,0,0.143,7,0,0,18.516,0.294,0.1,222,71105,2.986,207,0.001,1447.6,0,0,0,0,0,0,25.93,23816775,42.2,8.353,80.46
2020/5/24,441,0,0.143,7,0,0,18.516,0.294,0.11,183,70883,2.976,213,0.001,1489.5,0,0,0,0,0,0,25.93,23816775,42.2,8.353,80.46
2020/5/23,441,0,0.143,7,0,0,18.516,0.294,0.11,170,70700,2.968,214,0.001,1496.5,0,0,0,0,0,0,25.93,23816775,42.2,8.353,80.46
2020/5/22,441,1,0.143,7,0,0,18.516,0.294,0.11,187,70530,2.961,221,0.001,1545.5,0,0,0,0,0,0,25.93,23816775,42.2,8.353,80.46
2020/5/21,440,0,0,7,0,0,18.474,0.294,0.12,236,70343,2.954,240,0,0,0,0,0,0,0,0,25.93,23816775,42.2,8.353,80.46
2020/5/20,440,0,0,7,0,0,18.474,0.294,0.13,226,70107,2.944,246,0,0,0,0,0,0,0,0,25.93,23816775,42.2,8.353,80.46
2020/5/19,440,0,0,7,0,0,18.474,0.294,0.13,223,69881,2.934,253,0,0,0,0,0,0,0,0,25.93,23816775,42.2,8.353,80.46
2020/5/18,440,0,0,7,0,0,18.474,0.294,0.14,269,69658,2.925,271,0,0,0,0,0,0,0,0,25.93,23816775,42.2,8.353,80.46
2020/5/17,440,0,0,7,0,0.143,18.474,0.294,0.15,185,69389,2.913,284,0,0,0,0,0,0,0,0,25.93,23816775,42.2,8.353,80.46
2020/5/16,440,0,0,7,0,0.143,18.474,0.294,0.16,220,69204,2.906,296,0,0,0,0,0,0,0,0,25.93,23816775,42.2,8.353,80.46
2020/5/15,440,0,0,7,0,0.143,18.474,0.294,0.17,323,68984,2.896,303,0,0,0,0,0,0,0,0,25.93,23816775,42.2,8.353,80.46
2020/5/14,440,0,0,7,0,0.143,18.474,0.294,0.18,274,68661,2.883,314,0,0,0,0,0,0,0,0,25.93,23816775,42.2,8.353,80.46
2020/5/13,440,0,0.143,7,0,0.143,18.474,0.294,0.2,277,68387,2.871,335,0,2342.7,0,0,0,0,0,0,25.93,23816775,42.2,8.353,80.46
2020/5/12,440,0,0.286,7,0,0.143,18.474,0.294,0.22,349,68110,2.86,360,0.001,1258.7,0,0,0,0,0,0,25.93,23816775,42.2,8.353,80.46
2020/5/11,440,0,0.286,7,1,0.143,18.474,0.294,0.23,362,67761,2.845,400,0.001,1398.6,0,0,0,0,0,0,25.93,23816775,42.2,8.353,80.46
2020/5/10,440,0,0.571,6,0,0,18.474,0.252,0.25,267,67399,2.83,424,0.001,742.6,0,0,0,0,0,0,25.93,23816775,42.2,8.353,80.46
2020/5/9,440,0,1.143,6,0,0,18.474,0.252,0.28,269,67132,2.819,434,0.003,379.7,0,0,0,0,0,0,25.93,23816775,42.2,8.353,80.46
2020/5/8,440,0,1.571,6,0,0,18.474,0.252,0.3,402,66863,2.807,450,0.003,286.4,0,0,0,0,0,0,25.93,23816775,42.2,8.353,80.46
2020/5/7,440,1,1.571,6,0,0,18.474,0.252,0.34,417,66461,2.791,446,0.004,283.9,0,0,0,0,0,0,31.48,23816775,42.2,8.353,80.46
2020/5/6,439,1,1.429,6,0,0,18.432,0.252,0.36,451,66044,2.773,457,0.003,319.8,0,0,0,0,0,0,31.48,23816775,42.2,8.353,80.46
2020/5/5,438,0,1.286,6,0,0,18.39,0.252,0.39,632,65593,2.754,462,0.003,359.3,0,0,0,0,0,0,31.48,23816775,42.2,8.353,80.46
2020/5/4,438,2,1.286,6,0,0,18.39,0.252,0.41,528,64961,2.728,471,0.003,366.3,0,0,0,0,0,0,31.48,23816775,42.2,8.353,80.46
2020/5/3,436,4,1,6,0,0,18.306,0.252,0.43,342,64433,2.705,501,0.002,501,0,0,0,0,0,0,31.48,23816775,42.2,8.353,80.46
2020/5/2,432,3,0.429,6,0,0,18.138,0.252,0.43,380,64091,2.691,523,0.001,1219.1,0,0,0,0,0,0,31.48,23816775,42.2,8.353,80.46
2020/5/1,429,0,0.143,6,0,0,18.013,0.252,0.42,374,63711,2.675,557,0,3895.1,0,0,0,0,0,0,31.48,23816775,42.2,8.353,80.46
2020/4/30,429,0,0.286,6,0,0,18.013,0.252,0.4,495,63337,2.659,622,0,2174.8,0,0,0,0,0,0,31.48,23816775,42.2,8.353,80.46
2020/4/29,429,0,0.429,6,0,0,18.013,0.252,0.39,484,62842,2.639,696,0.001,1622.4,0,0,0,0,0,0,31.48,23816775,42.2,8.353,80.46
2020/4/28,429,0,0.571,6,0,0,18.013,0.252,0.38,694,62358,2.618,792,0.001,1387,0,0,0,0,0,0,31.48,23816775,42.2,8.353,80.46
2020/4/27,429,0,1,6,0,0,18.013,0.252,0.37,740,61664,2.589,889,0.001,889,0,0,0,0,0,0,31.48,23816775,42.2,8.353,80.46
2020/4/26,429,0,1.286,6,0,0,18.013,0.252,0.37,495,60924,2.558,1045,0.001,812.6,0,0,0,0,0,0,31.48,23816775,42.2,8.353,80.46
2020/4/25,429,1,4.429,6,0,0,18.013,0.252,0.38,619,60429,2.537,1063,0.004,240,0,0,0,0,0,0,31.48,23816775,42.2,8.353,80.46
2020/4/24,428,1,4.714,6,0,0,17.971,0.252,0.38,827,59810,2.511,1055,0.004,223.8,0,0,0,0,0,0,31.48,23816775,42.2,8.353,80.46
2020/4/23,427,1,4.571,6,0,0,17.929,0.252,0.39,1014,58983,2.477,1056,0.004,231,0,0,0,0,0,0,31.48,23816775,42.2,8.353,80.46
2020/4/22,426,1,4.429,6,0,0,17.887,0.252,0.4,1154,57969,2.434,1040,0.004,234.8,0,0,0,0,0,0,31.48,23816775,42.2,8.353,80.46
2020/4/21,425,3,4.571,6,0,0,17.845,0.252,0.4,1371,56815,2.386,1011,0.005,221.2,0,0,0,0,0,0,31.48,23816775,42.2,8.353,80.46
2020/4/20,422,2,4.143,6,0,0,17.719,0.252,0.41,1835,55444,2.328,988,0.004,238.5,0,0,0,0,0,0,31.48,23816775,42.2,8.353,80.46
2020/4/19,420,22,4.571,6,0,0,17.635,0.252,0.42,624,53609,2.251,917,0.005,200.6,0,0,0,0,0,0,31.48,23816775,42.2,8.353,80.46
2020/4/18,398,3,1.857,6,0,0,16.711,0.252,0.43,557,52985,2.225,923,0.002,497,0,0,0,0,0,0,31.48,23816775,42.2,8.353,80.46
2020/4/17,395,0,1.857,6,0,0,16.585,0.252,0.43,838,52428,2.201,999,0.002,538,0,0,0,0,0,0,31.48,23816775,42.2,8.353,80.46
2020/4/16,395,0,2.143,6,0,0.143,16.585,0.252,0.44,903,51590,2.166,1103,0.002,514.7,0,0,0,0,0,0,31.48,23816775,42.2,8.353,80.46
2020/4/15,395,2,2.286,6,0,0.143,16.585,0.252,0.45,952,50687,2.128,1199,0.002,524.5,0,0,0,0,0,0,31.48,23816775,42.2,8.353,80.46
2020/4/14,393,0,2.429,6,0,0.143,16.501,0.252,0.46,1204,49735,2.088,1295,0.002,533.1,0,0,0,0,0,0,31.48,23816775,42.2,8.353,80.46
2020/4/13,393,5,2.857,6,0,0.143,16.501,0.252,0.48,1340,48531,2.038,1364,0.002,477.4,0,0,0,0,0,0,31.48,23816775,42.2,8.353,80.46
2020/4/12,388,3,3.571,6,0,0.143,16.291,0.252,0.49,664,47191,1.981,1432,0.002,401,0,0,0,0,0,0,31.48,23816775,42.2,8.353,80.46
2020/4/11,385,3,4.286,6,0,0.143,16.165,0.252,0.5,1091,46527,1.954,1467,0.003,342.3,0,0,0,0,0,0,31.48,23816775,42.2,8.353,80.46
2020/4/10,382,2,4.857,6,1,0.143,16.039,0.252,0.52,1564,45436,1.908,1435,0.003,295.4,0,0,0,0,0,0,31.48,23816775,42.2,8.353,80.46
2020/4/9,380,1,5.857,5,0,0,15.955,0.21,0.54,1576,43872,1.842,1337,0.004,228.3,0,0,0,0,0,0,31.48,23816775,42.2,8.353,80.46
2020/4/8,379,3,7.143,5,0,0,15.913,0.21,0.56,1628,42296,1.776,1229,0.006,172.1,0,0,0,0,0,0,31.48,23816775,42.2,8.353,80.46
2020/4/7,376,3,7.714,5,0,0,15.787,0.21,0.58,1685,40668,1.708,1141,0.007,147.9,0,0,0,0,0,0,31.48,23816775,42.2,8.353,80.46
2020/4/6,373,10,9.571,5,0,0,15.661,0.21,0.61,1814,38983,1.637,1032,0.009,107.8,0,0,0,0,0,0,31.48,23816775,42.2,8.353,80.46
2020/4/5,363,8,9.286,5,0,0.429,15.241,0.21,0.63,912,37169,1.561,919,0.01,99,0,0,0,0,0,0,31.48,23816775,42.2,8.353,80.46
2020/4/4,355,7,10.286,5,0,0.429,14.905,0.21,0.65,864,36257,1.522,908,0.011,88.3,0,0,0,0,0,0,31.48,23816775,42.2,8.353,80.46
2020/4/3,348,9,11.571,5,0,0.429,14.612,0.21,0.68,880,35393,1.486,860,0.013,74.3,0,0,0,0,0,0,31.48,23816775,42.2,8.353,80.46
2020/4/2,339,10,12.429,5,0,0.429,14.234,0.21,0.7,822,34513,1.449,858,0.014,69,0,0,0,0,0,0,31.48,23816775,42.2,8.353,80.46
2020/4/1,329,7,13.429,5,0,0.429,13.814,0.21,0.73,1009,33691,1.415,873,0.015,65,0,0,0,0,0,0,31.48,23816775,42.2,8.353,80.46
2020/3/31,322,16,15.286,5,0,0.429,13.52,0.21,0.76,924,32682,1.372,863,0.018,56.5,0,0,0,0,0,0,31.48,23816775,42.2,8.353,80.46
2020/3/30,306,8,15.857,5,3,0.429,12.848,0.21,0.78,1023,31758,1.333,863,0.018,54.4,0,0,0,0,0,0,31.48,23816775,42.2,8.353,80.46
2020/3/29,298,15,18.429,2,0,0,12.512,0.084,0.81,835,30735,1.29,879,0.021,47.7,0,0,0,0,0,0,31.48,23816775,42.2,8.353,80.46
2020/3/28,283,16,18.571,2,0,0,11.882,0.084,0.84,527,29900,1.255,876,0.021,47.2,0,0,0,0,0,0,31.48,23816775,42.2,8.353,80.46
2020/3/27,267,15,18.857,2,0,0,11.211,0.084,0.87,864,29373,1.233,950,0.02,50.4,0,0,0,0,0,0,31.48,23816775,42.2,8.353,80.46
2020/3/26,252,17,20.571,2,0,0.143,10.581,0.084,0.9,929,28509,1.197,1023,0.02,49.7,0,0,0,0,0,0,31.48,23816775,42.2,8.353,80.46
2020/3/25,235,20,19.286,2,0,0.143,9.867,0.084,0.93,938,27580,1.158,1085,0.018,56.3,0,0,0,0,0,0,31.48,23816775,42.2,8.353,80.46
2020/3/24,215,20,19.714,2,0,0.143,9.027,0.084,0.96,924,26642,1.119,1122,0.018,56.9,0,0,0,0,0,0,31.48,23816775,42.2,8.353,80.46
2020/3/23,195,26,18.286,2,0,0.143,8.188,0.084,0.98,1139,25718,1.08,1114,0.016,60.9,0,0,0,0,0,0,31.48,23816775,42.2,8.353,80.46
2020/3/22,169,16,15.714,2,0,0.143,7.096,0.084,1,811,24579,1.032,1056,0.015,67.2,0,0,0,0,0,0,31.48,23816775,42.2,8.353,80.46
2020/3/21,153,18,14.286,2,0,0.143,6.424,0.084,1.02,1047,23768,0.998,984,0.015,68.9,0,0,0,0,0,0,31.48,23816775,42.2,8.353,80.46
2020/3/20,135,27,12.143,2,1,0.143,5.668,0.084,1.04,1371,22721,0.954,888,0.014,73.1,0,0,0,0,0,0,31.48,23816775,42.2,8.353,80.46
2020/3/19,108,8,8.429,1,0,0,4.535,0.042,1.05,1363,21350,0.896,755,0.011,89.6,0,0,0,0,0,0,31.48,23816775,42.2,8.353,80.46
2020/3/18,100,23,7.429,1,0,0,4.199,0.042,0,1197,19987,0.839,657,0.011,88.4,0,0,0,0,0,0,28.7,23816775,42.2,8.353,80.46
2020/3/17,77,10,4.286,1,0,0,3.233,0.042,0,873,18790,0.789,550,0.008,128.3,0,0,0,0,0,0,28.7,23816775,42.2,8.353,80.46
2020/3/16,67,8,3.143,1,0,0,2.813,0.042,0,730,17917,0.752,473,0.007,150.5,0,0,0,0,0,0,28.7,23816775,42.2,8.353,80.46
2020/3/15,59,6,2,1,0,0,2.477,0.042,0,306,17187,0.722,436,0.005,218,0,0,0,0,0,0,28.7,23816775,42.2,8.353,80.46
2020/3/14,53,3,1.143,1,0,0,2.225,0.042,0,379,16881,0.709,435,0.003,380.6,0,0,0,0,0,0,28.7,23816775,42.2,8.353,80.46
2020/3/13,50,1,0.714,1,0,0,2.099,0.042,0,439,16502,0.693,425,0.002,595.2,0,0,0,0,0,0,28.7,23816775,42.2,8.353,80.46
2020/3/12,49,1,0.714,1,0,0,2.057,0.042,0,677,16063,0.674,417,0.002,584,0,0,0,0,0,0,28.7,23816775,42.2,8.353,80.46
2020/3/11,48,1,0.857,1,0,0,2.015,0.042,0,445,15386,0.646,362,0.002,422.4,0,0,0,0,0,0,28.7,23816775,42.2,8.353,80.46
2020/3/10,47,2,0.714,1,0,0,1.973,0.042,0,332,14941,0.627,368,0.002,515.4,0,0,0,0,0,0,28.7,23816775,42.2,8.353,80.46
2020/3/9,45,0,0.571,1,0,0,1.889,0.042,0,476,14609,0.613,393,0.001,688.3,0,0,0,0,0,0,28.7,23816775,42.2,8.353,80.46
2020/3/8,45,0,0.714,1,0,0,1.889,0.042,0,298,14133,0.593,411,0.002,575.6,0,0,0,0,0,0,28.7,23816775,42.2,8.353,80.46
2020/3/7,45,0,0.857,1,0,0,1.889,0.042,0,307,13835,0.581,429,0.002,500.6,0,0,0,0,0,0,28.7,23816775,42.2,8.353,80.46
2020/3/6,45,1,1.571,1,0,0,1.889,0.042,0,381,13528,0.568,459,0.003,292.2,0,0,0,0,0,0,28.7,23816775,42.2,8.353,80.46
2020/3/5,44,2,1.714,1,0,0,1.847,0.042,0,297,13147,0.552,457,0.004,266.6,0,0,0,0,0,0,28.7,23816775,42.2,8.353,80.46
2020/3/4,42,0,1.429,1,0,0,1.763,0.042,0,485,12850,0.54,489,0.003,342.2,0,0,0,0,0,0,23.15,23816775,42.2,8.353,80.46
2020/3/3,42,1,1.571,1,0,0,1.763,0.042,0,506,12365,0.519,494,0.003,314.4,0,0,0,0,0,0,23.15,23816775,42.2,8.353,80.46
2020/3/2,41,1,1.571,1,0,0,1.721,0.042,0,600,11859,0.498,509,0.003,324,0,0,0,0,0,0,23.15,23816775,42.2,8.353,80.46
2020/3/1,40,1,1.714,1,0,0,1.679,0.042,0,430,11259,0.473,523,0.003,305.1,0,0,0,0,0,0,23.15,23816775,42.2,8.353,80.46
2020/2/29,39,5,1.857,1,0,0,1.638,0.042,0,511,10829,0.455,508,0.004,273.6,0,0,0,0,0,0,23.15,23816775,42.2,8.353,80.46
2020/2/28,34,2,1.143,1,0,0,1.428,0.042,0,371,10318,0.433,499,0.002,436.6,0,0,0,0,0,0,23.15,23816775,42.2,8.353,80.46
2020/2/27,32,0,1.143,1,0,0,1.344,0.042,0,520,9947,0.418,548,0.002,479.4,0,0,0,0,0,0,23.15,23816775,42.2,8.353,80.46
2020/2/26,32,1,1.286,1,0,0,1.344,0.042,0,521,9427,0.396,587,0.002,456.5,0,0,0,0,0,0,23.15,23816775,42.2,8.353,80.46
2020/2/25,31,1,1.286,1,0,0,1.302,0.042,0,609,8906,0.374,612,0.002,475.9,0,0,0,0,0,0,23.15,23816775,42.2,8.353,80.46
2020/2/24,30,2,1.143,1,0,0,1.26,0.042,0,698,8297,0.348,644,0.002,563.4,0,0,0,0,0,0,30.56,23816775,42.2,8.353,80.46
2020/2/23,28,2,1.143,1,0,0,1.176,0.042,0,328,7599,0.319,660,0.002,577.4,0,0,0,0,0,0,30.56,23816775,42.2,8.353,80.46
2020/2/22,26,0,1.143,1,0,0.143,1.092,0.042,0,444,7271,0.305,630,0.002,551.2,0,0,0,0,0,0,30.56,23816775,42.2,8.353,80.46
2020/2/21,26,2,1.143,1,0,0.143,1.092,0.042,0,714,6827,0.287,579,0.002,506.6,0,0,0,0,0,0,30.56,23816775,42.2,8.353,80.46
2020/2/20,24,1,0.857,1,0,0.143,1.008,0.042,0,796,6113,0.257,487,0.002,568.3,0,0,0,0,0,0,30.56,23816775,42.2,8.353,80.46
2020/2/19,23,1,0.714,1,0,0.143,0.966,0.042,0,696,5317,0.223,390,0.002,546.2,0,0,0,0,0,0,30.56,23816775,42.2,8.353,80.46
2020/2/18,22,0,0.571,1,0,0.143,0.924,0.042,0,832,4621,0.194,309,0.002,541.2,0,0,0,0,0,0,30.56,23816775,42.2,8.353,80.46
2020/2/17,22,2,0.571,1,0,0.143,0.924,0.042,0,813,3789,0.159,214,0.003,374.8,0,0,0,0,0,0,30.56,23816775,42.2,8.353,80.46
2020/2/16,20,2,0.286,1,1,0.143,0.84,0.042,0,112,2976,0.125,127,0.002,444.1,0,0,0,0,0,0,30.56,23816775,42.2,8.353,80.46
2020/2/15,18,0,0.143,0,0,0,0.756,0,0,89,2864,0.12,129,0.001,902.1,0,0,0,0,0,0,30.56,23816775,42.2,8.353,80.46
2020/2/14,18,0,0.286,0,0,0,0.756,0,0,72,2775,0.117,149,0.002,521,0,0,0,0,0,0,30.56,23816775,42.2,8.353,80.46
2020/2/13,18,0,0.286,0,0,0,0.756,0,0,115,2703,0.113,167,0.002,583.9,0,0,0,0,0,0,30.56,23816775,42.2,8.353,80.46
2020/2/12,18,0,1,0,0,0,0.756,0,0,128,2588,0.109,161,0.006,161,0,0,0,0,0,0,30.56,23816775,42.2,8.353,80.46
2020/2/11,18,0,1,0,0,0,0.756,0,0,168,2460,0.103,166,0.006,166,0,0,0,0,0,0,30.56,23816775,42.2,8.353,80.46
2020/2/10,18,0,1.143,0,0,0,0.756,0,0,205,2292,0.096,156,0.007,136.5,0,0,0,0,0,0,30.56,23816775,42.2,8.353,80.46
2020/2/9,18,1,1.143,0,0,0,0.756,0,0,128,2087,0.088,146,0.008,127.7,0,0,0,0,0,0,30.56,23816775,42.2,8.353,80.46
2020/2/8,17,1,1,0,0,0,0.714,0,0,225,1959,0.082,137,0.007,137,0,0,0,0,0,0,30.56,23816775,42.2,8.353,80.46
2020/2/7,16,0,0.857,0,0,0,0.672,0,0,199,1734,0.073,117,0.007,136.5,0,0,0,0,0,0,30.56,23816775,42.2,8.353,80.46
2020/2/6,16,5,1,0,0,0,0.672,0,0,77,1535,0.064,102,0.01,102,0,0,0,0,0,0,30.56,23816775,42.2,8.353,80.46
2020/2/5,11,0,0.429,0,0,0,0.462,0,0,157,1458,0.061,105,0.004,244.8,0,0,0,0,0,0,30.56,23816775,42.2,8.353,80.46
2020/2/4,11,1,0.429,0,0,0,0.462,0,0,103,1301,0.055,98,0.004,228.4,0,0,0,0,0,0,30.56,23816775,42.2,8.353,80.46
2020/2/3,10,0,0.714,0,0,0,0.42,0,0,131,1198,0.05,97,0.007,135.9,0,0,0,0,0,0,30.56,23816775,42.2,8.353,80.46
2020/2/2,10,0,0.857,0,0,0,0.42,0,0,64,1067,0.045,95,0.009,110.9,0,0,0,0,0,0,30.56,23816775,42.2,8.353,80.46
2020/2/1,10,0,1,0,0,0,0.42,0,0,87,1003,0.042,103,0.01,103,0,0,0,0,0,0,19.44,23816775,42.2,8.353,80.46
2020/1/31,10,1,1,0,0,0,0.42,0,0,93,916,0.038,104,0.01,104,0,0,0,0,0,0,19.44,23816775,42.2,8.353,80.46
2020/1/30,9,1,1.143,0,0,0,0.378,0,0,100,823,0.035,98,0.012,85.7,0,0,0,0,0,0,19.44,23816775,42.2,8.353,80.46
2020/1/29,8,0,1,0,0,0,0.336,0,0,106,723,0.03,94,0.011,94,0,0,0,0,0,0,19.44,23816775,42.2,8.353,80.46
2020/1/28,8,3,1,0,0,0,0.336,0,0,95,617,0.026,85,0.012,85,0,0,0,0,0,0,19.44,23816775,42.2,8.353,80.46
2020/1/27,5,1,0,0,0,0,0.21,0,0,123,522,0.022,73,0,0,0,0,0,0,0,0,19.44,23816775,42.2,8.353,80.46
2020/1/26,4,1,0,0,0,0,0.168,0,0,117,399,0.017,56,0,0,0,0,0,0,0,0,19.44,23816775,42.2,8.353,80.46
2020/1/25,3,0,0,0,0,0,0.126,0,0,91,282,0.012,40,0,0,0,0,0,0,0,0,19.44,23816775,42.2,8.353,80.46
2020/1/24,3,2,0,0,0,0,0.126,0,0,57,191,0.008,27,0,0,0,0,0,0,0,0,19.44,23816775,42.2,8.353,80.46
2020/1/23,1,0,0,0,0,0,0.042,0,0,70,134,0.006,19,0,0,0,0,0,0,0,0,19.44,23816775,42.2,8.353,80.46
2020/1/22,1,0,0,0,0,0,0.042,0,0,44,64,0.003,0,0,0,0,0,0,0,0,0,13.89,23816775,42.2,8.353,80.46
2020/1/21,0,0,0,0,0,0,0,0,0,12,20,0.001,0,0,0,0,0,0,0,0,0,13.89,23816775,42.2,8.353,80.46
2020/1/20,0,0,0,0,0,0,0,0,0,2,8,0,0,0,0,0,0,0,0,0,0,13.89,23816775,42.2,8.353,80.46
2020/1/19,0,0,0,0,0,0,0,0,0,1,6,0,0,0,0,0,0,0,0,0,0,8.33,23816775,42.2,8.353,80.46
2020/1/18,0,0,0,0,0,0,0,0,0,1,5,0,0,0,0,0,0,0,0,0,0,8.33,23816775,42.2,8.353,80.46
2020/1/17,0,0,0,0,0,0,0,0,0,0,0,0,0,0,0,0,0,0,0,0,0,8.33,23816775,42.2,8.353,80.46
2020/1/16,0,0,0,0,0,0,0,0,0,4,4,0,0,0,0,0,0,0,0,0,0,8.33,23816775,42.2,8.353,80.46
